code,word,translation
1,sincere,adj. 真诚的，诚挚的
2,mood,n. 心情，情绪；（动词的）语气
3,static,adj. 静的，静态的；静止的，停滞的 n. 静屯
4,hobby,n. 业余爱好，癖好
5,considering,prep. 鉴于，考虑到，顾及
6,lad,n. 男孩，小伙子
7,equip,vt. 装备，配备；（智力、体力上）使有准备
8,frown,n./vi. 皱眉，蹙额
9,software,n. 软件
10,fasten,v. 扎牢，扣住
11,stir,v. 搅动；拨动；激动；唤起 n. 搅拌，搅动；激动，骚乱
12,flexible,adj. 易弯曲的，灵活的
13,solution,n. 解决；解决办法；溶液
14,panel,n. 专门小组；嵌板；控制板，仪表盘
15,supreme,adj. 最高的；最大的；极度的；最重要的
16,describe,vt. 形容；描写；画出（图形等）
17,limb,n. 肢，臂，腿；树枝
18,circumstance,n. 情况，条件；境遇，经济情况 vt.
19,mess,n. 凌乱状态，混乱的局面；困境 vt. 弄糟，弄脏，搞乱
20,core,n. 果实的心；核心，要点
21,minus,n. 负数；减号 adj. 负的 prep. 减（去）
22,statistic,n. 统计数值，统计资料；统计学
23,pregnant,adj. 怀孕的，妊娠的
24,sector,n. 部门；部分；防御地段，防区；扇形
25,bride,n. 新娘
26,statue,n. 塑像，雕像，铸像
27,cycle,n./v. （骑）自行车，（骑）摩托车；循环
28,skillful,adj. 灵巧的，娴熟的
29,overhead,adj. 在头顶上的；架空的 n. 经常性开支，管理费用
31,grant,nn.. 授联予结物，；联补系助；金公债 vt；. 授契予约，，给合予同； v同. （意使）黏合，（使）结
32,bond,合
33,staff,n. （全体）工作人员；参谋 vt. 为…配备人员
34,intermediate,adj. 中间的；中级的
35,guitar,n. 吉他，六弦琴
36,comprehensive,adj. 广泛的，综合的；理解的
37,presence,n. 出席，到场；存在；仪表，仪态
38,appliance,n. 用具，器具，器械；家电
39,emergency,n. 紧急情况，突发事件
40,solve,vt. 解答；解释；解决
41,label,n. 标签；标记，符号 vt. 贴标签于；把…称为
43,ambassador,n. 大使，使节，派驻国际组织的代表
44,status,n. 地位，身份；情形，状况
45,cushion,n. 垫子，坐垫，靠垫
46,steady,adj. 稳的，平稳的；稳定的，持续的；稳固的 v. （使）稳定
47,include,vt. 包括，包含
48,prime,adj. 首要的；最好的 n. 青春；全盛时期 vt. 使准备好
49,derive,v. 取得；起源
50,sponsor,n. 发起者 vt. 发起；资助，赞助；支持
51,proportion,n. 比例；部分，份儿；均衡，相称
52,mental,adj. 心理的，精神的，思想上的；（治疗）精神病的；智力的
53,punch,vt. 猛击；穿孔 n. 猛击；冲床；穿孔机；力量
54,result,n. 结果；成果；比分 vi. 发生；结果
55,client,n. 委托人，当事人；顾客56steamer ˈstiːmə(r) n. 轮船，汽船
57,option,n. 选择，选择权，选择自由；（供）选择的事物或人；选课
58,dormitory,n. 集体寝室，宿舍
59,attitude,nad. 态j. 险度峻，的看，法陡；峭姿的势；（价格等）过高的；（上升或下降）急
60,steep,剧的
61,agency,n. 经办，代理；代理处；（政府等的）专门行政部门
62,steer,v. 掌舵，驾驶；操纵
63,jog,n./v. 慢跑；（尤指不正当地）轻轻碰撞（或推搡）
64,scandal,n. 丑事，丑闻；流言蜚语；反感，愤慨
66,abolish,vt. 废除，废止（法律、制度、习俗等）
67,baby,生育高峰（期）
68,illusion,n. 幻想；错觉，幻觉，假象
69,fable,n. 寓言；[总称]神话传说
70,cater,vi. 满足需要（或欲望），迎合；提供饮食及服务，承办酒席
71,obese,adj. 肥胖的，过胖的
72,paddy,n. 稻田
74,economics,n. 经济学
75,madden,vt. 使疯狂；激怒
76,narrate,v. 叙述
77,handbook,n. 手册，便览
78,gadget,n. 小器具；小装置
79,aerial,adj. 飞机的；航空的；空中的；架空的 n. 天线
80,applaud,v. 向…鼓掌，向…喝彩；称赞，赞许
81,Word,2
82,definite,adj. 明确的，肯定的
83,cautious,adj. 十分小心的，谨慎的
84,nest,n. 巢，窝，穴 v. 筑巢
85,domestic,adj. 本国的；家庭的；驯养的
86,chest,n. 胸腔，胸膛；箱子
87,rebel,n. 反叛分子，反对者
89,satisfactory,adj. 令人满意的
90,airline,n. 航空公司；航线
91,stem,n. 茎，（树）干；词干 vi. 起源 vt. 堵住，止住
92,coupon,n. 礼券，优惠券，配合券；（火车等的）联票；票证
93,render,vt. 使得，致使；给予，提供；翻译
94,object,n. 实物，物体；目的，目标；对象，客体；宾语
96,gardener,n. 园丁，花匠
97,shrink,v. （使）起皱；（使）收缩；退缩，畏缩
98,parade,n. 游行；检阅 v. （使）游行；（使）列队前进；招摇而行
99,rumo(u)r,n. 谣传，谣言
100,establish,vt. 建立，设立；确立；证实
101,kindness,n. 仁慈，好意
102,breast,n. 乳房；胸脯，胸膛
103,sticky,adj. 黏性的，胶黏的；（天气）湿热的
105,fund,nad. 资j. 不金能，相基信金的；，存不款可 vt信. 为的…；提难供以资置金信的，不可思议的；惊人
106,incredible,的
107,abroad,adv. 到（或在）国外；在转播，在流传
109,rug,n. （小）地毯
110,stimulate,vt. 刺激，激励，激发
111,fame,n. 名声，名望
112,consume,vt. 消费；吃完，喝光；毁灭；使着迷；充满113accelerate əkˈseləreɪt vt. 使加快，使增速
114,lightning,n. 电光，闪电
115,sting,n./v. 刺，蛰；刺痛；激怒
117,rouse,vt. 惊起；唤起；唤醒
118,cultivate,vnt. .材 耕料作，，素种材植 a；dj培. 物养质，的陶，冶实体的；肉体的；重要的，实质性
119,material,的
120,personnel,n. [总称]人员，员工
121,display,vt. 陈列，展览；显示
122,particle,n. 粒子；微粒；小品词，语助词
123,frog,n. 蛙
124,impression,n. 印象；印记
125,biology,n. 生物学，生态学
126,drunk,adj. 醉的；陶醉的
127,barrier,n. 栅栏；检票口；屏障；障碍，隔阂
129,fisherman,n. 渔民，渔夫
130,royal,adj. 王室的，皇家的
131,barber,n. 理发师
132,stocking,n. 长（筒）妹
133,delegate,n. 代表，代表团成员
135,highlight,vt. 强调，突出，使显著 n. 最精彩的部分；最重要的事件
136,depression,n. 抑郁，沮丧；不景气，萧条（期）；洼地，凹陷
137,signature,n. 署名，签字，签名
138,atmosphere,n. 大气，空气；气氛，环境
139,evaluate,vt. 评价；估…的价
140,rescue,n./vt. 营救，救援
141,personality,n. 人格，个性；人物，名人
142,latter,adj. （两者中）后者的；后一半的
143,parliament,n. 议会，国会
144,input,n. 输入；投入的资金；输入的数据 vt. 把…输入计算机
145,partial,adj. 部分的；不公平的；偏爱的，偏袒的
146,loyalty,n. 忠诚，忠心
147,calendar,n. 日历，历书，历法
148,overlook,vt. 忽视；宽恕；俯瞰
149,debate,n./v. 争论，辩论
150,stoop,v. 俯身，弯腰；堕落，自贬 n. 弯腰，曲背
151,calf,n. 牛犊，（鲸、象等大型哺乳动物的）幼崽；腿肚子
152,masterpiece,n. 杰作
153,nude,and. （j. 裸身的体，或裸智体力的方 n面. 裸的体）画缺，陷裸；体障人碍像，不利条件 vt. 妨碍，使
154,handicap,不利
155,elite,n. 上层集团；[总称]掌权人物，社会精英
156,naughty,adj. 淘气的，顽皮的
157,deem,v. 认为，视为；相信
158,ferry,n. 渡船 vt. 渡运 vi. 摆渡
159,jetlag,n. 时差反应；飞行时差综合征
160,badminton,n. 羽毛球
161,immune,adj. 免疫的，有免疫力的；不受影响的；免除的，豁免的
162,logo,n. 商标，标注
163,heartfelt,adj. 衷心的，真诚的
164,ballet,n. 芭蕾舞，芭蕾舞剧；芭蕾舞团
165,Word,3
166,cube,n. 立方形，立方
167,submerge,v. 淹没，潜入水中
169,surrounding,n. [pl.] 周围的事物，环境170carrier ˈkæriə(r) n. 运输工具，运载工具；带菌者；载重架，置物架
171,stove,n. 炉，火炉，电炉
172,developmental,adj. 发展的
173,layer,n. 层，层次
175,imply,vt. 暗示，意指
177,consist,vi. 由…组成；在于；一致
178,strap,n. 带子 vt. 捆扎；用绷带包扎
179,efficient,adj. 效率高的；有能力的
180,accommodation,n. 住处；膳宿
181,exclaim,vi. 呼喊，惊叫
182,representative,n. 代表，代理人 adj. 有代表性的，典型的
183,forecast,n. 预测，预报 v. （做）预测，（进行）预报
184,discipline,n. 纪律；训练；惩罚；学科 vt. 训练；惩罚，处罚
185,neutral,adj. 中立的；中性的
187,desirable,adj. 值得向往的，令人满意的
188,promote,vt. 促进，增进，发扬；提升；宣传，推销（商品等）
189,acceptance,n. 接受；承认；容忍
190,mayor,n. 市长
191,equation,n. 方程（式），等式
192,routine,n. 例行公事，惯例，惯常的程序 adj. 例行的，常规的
193,interpret,v. 解释，说明；口译
194,ripe,adj. 熟的；时机成熟的
195,prove,v. 证实，证明；结果是
196,likewise,adv. 同样地；也，又
197,explore,vt. 探险，探索；仔细查阅，探究
198,overnight,adv. 整夜，通宵；一夜间，突然
200,strategy,n. 战略，策略
201,straw,n. 稻草；麦秆吸管，吸管
202,bind,vt. 捆绑，包扎；装订；约束；使结合，使黏合
203,stream,n. 河，溪流；一般，一串 v. 六出，涌出
204,bearing,n. 举止，风度；方位，方向感；影响
205,suppose,vt. 猜想，假定；让；[常用于被动语态]期望，认为应该
207,remain,vi. 剩下，余留；保持；仍然是 n. 残余；残骸；遗迹
208,abstract,adj. 抽象的；抽象派的 n. 摘要，梗概；抽象派艺术作品
211,approximate,adj. 近似的
213,striking,adj. 显著的，突出的；惹人注目的，容貌出众的
214,abuse,vt. 滥用；虐待，伤害；辱骂，毁谤
216,interpretation,nn.. 解线释，；细口绳；译；一（串表，演一、行演 vt奏 . （的用）线艺、术绳处）理缚，扎，挂；（用
218,illustrate,vt. （用图等）说明
219,helpful,adj. 给予帮助的；有用的
220,leak,v. 漏；泄露 n. 漏洞
221,product,n. 产品，产物；乘积
222,strip,v. 脱光衣服；剥夺，夺去 n. 条带
223,crude,adj. 简陋的；天然的；粗鲁的，粗俗的
224,strip,n. 条纹
225,communicate,v. 通讯；交际，交流；连接，相通；传达，传播；传染
226,following,adj. 接着的，下列的 n. 一批追随者227hedge hedʒ n. 篱笆，树篱；障碍物 v. 用篱笆围；避免直接回答
228,consumer,n. 消费者，用户；消耗者
229,emotional,adj. 感情的，情绪的
230,institute,n. 研究所，学院 vt. 建立，设立；制定；实行
231,craft,n. 工艺，手艺；船；航空器
232,indispensable,adj. 必不可少的，必需的
233,scheme,n. 计划，方案；阴谋 v. 密谋；策划
234,replace,vt. 代替，取代；更换，调换；把…放回原处
236,bark,vi. （狗等）吠，叫；厉声说话 n. 吠声，叫声；树皮
237,accustom,vt. 使习惯于
238,database,n. 数据库
239,elevate,vt. 提升…的职位；提高，改善；使情绪高昂；举起，使上升
240,impulse,n. 冲动，一时的念头；推动，驱使；脉冲
241,journalism,n. 新闻业，新闻工作
242,maiden,n. 少女，未婚女子
243,fireplace,n. 壁炉
245,calorie,n. 大卡（测量食物含热量的单位）；卡路里（热量单位）
247,criterion,n. （批评、判断等的）标准，准则
248,beforehand,adv. 预先，事先
249,Word,4
250,congress,n. 代表大会；[C-] 国会，议会
254,arbitrary,adj. 专断的，随心所欲的
255,pinch,vt. 捏，拧 n. （一）撮，微量
256,exploit,vt. 剥削；利用；开拓
258,action,n. 行动；已做的事；作用，功能；情节
259,ash,n. 灰，灰末；骨灰
260,rope,n. 绳，索 vt. 用绳捆（或扎等）
262,independent,adj. 独立的，自主的；无偏见的；不相关联的
264,recall,v. 回忆（起）；召回，叫回；收回，撤销
265,studio,n. 画室；摄影室；播音室，录音室；摄影棚
266,grave,n. 坟墓 adj. 严重的；严肃的
267,eve,n. 前夜，前夕，前一刻
268,formal,adj. 正式的，礼仪上的
269,absorb,vt. 吸收；吸引…的注意，使全神贯注；把…并入，同化
270,sensitive,adj. 敏感的，灵敏的，神经过敏的；容易生气的，易受伤害的
271,ability,n. 能力，本领；才能，才智
272,fairy,n. 小精灵，小仙子
273,talent,n. 天才，才能；人才
274,comparison,n. 比较，对照；比拟，比喻
275,stuff,n. 材料，东西 vt. 装，填，塞；让…吃饱
276,brow,n. 额，眉， 眉毛
277,infer,vt. 推论，推断；猜想
278,grand,adj. 宏伟的；重大的；傲慢的；派头大的；绝佳的；全部的279stress stres n. 压力；强调；重要性；应力；重音 vt. 强调，着重；重读
280,journalist,n. 新闻工作者，新闻记者
281,supply,n./vt. 供给，供应
282,penetrate,vt. 透入，渗入，进入；刺穿；洞察，了解
283,subject,n. 题目；学科；主语
285,distraction,n. 分心的事；心烦意乱；精神错乱；娱乐，消遣
286,pole,n. 杆；极（点）；磁极，电极
288,embassy,n. 大使馆；大使馆全体成员
289,carpenter,n. 木工，木匠
290,appropriate,adj. 适当的，恰当的
291,protein,n. 蛋白质；朊
292,enlarge,vt. 扩大，扩展，放大
293,inherit,vt. 继承（传统、遗产等） vi. 成为继承人
294,chemist,n. 化学家；药剂师
295,drain,v. 排去，放水 n. 耗竭；排水沟，排水管
296,conflict,n. 冲突，抵触，争论；战斗，战争
298,architecture,n. 建筑学；建筑式样，建筑风格
299,charity,n. 救济金，施舍物；慈善团体，慈善事业；宽大，宽容
300,subsequent,adj. 随后的，后来的
301,entitle,vt. 给…权利（或资格）；给（书、文章等）提名
302,span,n. 跨距；一段时间 vt. 持续，贯穿；包括；横跨，跨越
303,pea,n. 豌豆
304,instruct,vt. 指示，命令；通知；教授；训练
305,spite,n. 恶意，怨恨 vt. 刁难，欺侮
306,automobile,n. 汽车，机动车
307,slender,adj. 细长的，苗条的；微薄的，不足的
308,behavior,n. 行为，举止，表现
309,envy,n. 妒忌，羡慕；妒忌的对象 vt. 妒忌，羡慕
310,substance,n. 物质；实质；大意，要旨；根据，理由
311,contest,n. 竞赛，争夺
313,spit,v. 吐唾沫，吐出 n. 唾沫，唾液
314,mutual,adj. 相互的；共同的
315,dorm,n. 宿舍
316,substantial,adj. 可观的，大量的；结实的，坚固的；实质的，真实的
317,meanwhile,adj. 与此同时
318,desire,v. 渴望；要求 n. 愿望；欲望
319,administer,vt. 掌管，料理…的事务；施行，实施；给予，派给；投（药）
320,bamboo,n. 竹，竹子
321,insane,adj. 愚蠢的；疯狂的；危险的；精神失常的，精神错乱的
322,lame,adj. 跛的，瘸的；站不住脚的，无说服力的
323,kin,n. 亲属，家属
324,junk,n. 无用的东西；无价值的东西 vt. 丢弃，废弃
325,watertight,adj. 不透水的，防水的；严密的，无懈可击的
326,zoology,n. 动物学
327,yell,vi./n. 喊叫，大喊，吼叫
328,veto,vt./n. 否决
329,update,n. 最新信息；最新报道；最新进展
331,trigger,n. （枪等的）扳机；触发器；引爆器 vt. 触发，引起
332,breakthrough,n. 突破，突破性进展；重要的新发现
333,Word,5
334,interaction,n. 相互作用，干扰
335,menu,n. 菜单
336,frustrate,vt. 使沮丧，使灰心；挫败，使受挫折
337,belief,n. 信任，相信；信念
338,civilize,vt. 使文明，使开化，教育
339,preface,n. 序言，前言，引言340chemical ˈkemɪkl adj. 化学的 n. 化学制品
341,invitation,n. 邀请，招待；请柬；吸引，诱惑
342,auto,n. 汽车
343,purse,n. 钱包，女用小提包
344,blank,adj. 空白的；茫然的，无表情的 n. 空白；空白表格
345,courtyard,n. 庭院，院子
346,rural,adj. 农村的，乡村的
347,discourage,vt. 使泄气，使灰心；阻止，劝阻
348,rainbow,n. 彩虹
349,slide,v. 滑；悄悄地移动 n. 滑动；滑道，滑面； 幻灯片
350,removal,n. 除去，消除；移动；搬迁
351,missing,adj. 缺掉的，失踪的
352,graph,n. （曲线）图，图标
353,fortnight,n. 两星期， 十四天
354,disgust,n./vt. 厌恶，憎恶
355,allow,vt. 允许，准许；同意给；承认；允许···进入（或停留）
356,devote,vt. 将···奉献给；把···专用（于）
357,empire,n. 帝国
358,microphone,n. 扩音器，话筒，麦克风
359,subtract,vt. 减，减去，去掉
360,pace,n. 步，步伐；速度；节奏 vi. 踱步
361,gesture,n. 姿势，手势，姿态 v. 做手势（表示）
362,loop,n. 圈，环，回路；循环 v. （使）成环，（使）成圈
364,diversity,n. 多样性；差异；不同点
365,cupboard,n. 橱柜；碗碟橱，食橱
366,sore,adj. 痛的；恼火的；急剧的，剧烈的 n. 疮，痛处
367,raid,n./vt. （突然）袭击；（警察等）突入查抄，突入搜捕；劫掠
368,lower,adj. 较低的；下面的 vt. 放下，降低
369,comment,n. 评论，意见；注释；闲话，议论 vi. 评论
370,distress,n. 忧虑，痛苦，悲伤；不幸
371,publicity,n. 公众的注意，名声；宣传，宣扬
373,museum,n. 博物馆
374,outstanding,adj. 突出的，杰出的；未解决的；未偿付的
375,rent,v. 租借，租用；出租，出借 n. 租金；出租
376,housing,n. 房屋，住宅；住房建筑，住房供给；外壳，外罩
377,rack,n. 挂架，搁架 vt. 使痛苦，折磨；尽力使用
378,complain,vi. 抱怨，诉苦；控告，投诉
379,lung,n. 肺
380,deny,vt. 否定，否认；拒绝···的要求
381,rid,vt. 使摆脱，解除···的负担，从···中清除
382,harness,vt. 治理；给（马等）上挽具 n. 马具，挽具
384,passion,n. 激情，热情；酷爱
385,genuine,adj. 真的，真正的；真诚的
386,imaginary,adj. 想象中的，假想的
387,prompt,vt. 促使，推动；提示 adj. 敏捷的；及时的 n. 提示台词，提示
388,lucky,adj. 幸运的，侥幸的；吉利的
389,confidence,n. 信任，信赖；信心，自信
390,suburb,n. 郊区，郊外，近郊
391,fearful,adj. 害怕的，可怕的；不安的，忧虑的
392,intelligence,n. 智力；理解力；情报
393,crush,vt. 压碎，碾碎；摧毁，压垮
394,finding,n. 发现；调查的结果；（陪审团的）裁决
395,membership,n. 会员身份（或资格、地位）；全体会员，会员数396*dean diːn n. 教长，主任牧师；（大学的）学院院长，系主任，训导主任
397,*eyebrow,n. 眉毛
398,*badge,n. 徽章；奖章；（制服上的）标记，标识；证章；警徽；象征
399,*cyberspace,n. 虚拟信息空间，计算机世界，网络空间
400,*irrigate,v. 灌溉
401,*juicy,adj. 多汁的
402,*lass,n. 女孩，少女
403,*factual,adj. 事实的，真实的；根据事实的
404,*axis,n. 轴，轴线，中心线；坐标轴，基准线
405,*forum,n. 论坛，讨论会；（电视等的）专题讨论节目
407,*habitat,n. （动植物的）产地，栖息地
409,*reap,vt. 收割，收获；获得，得到
410,*ozone,n. 臭氧
411,*paperback,n. 平装本，简装本
412,*scent,n. 香味；（人的）气味；臭迹，踪迹，线索；香水 vt. 嗅到；
413,briefcase,察n. 公觉文包，公事包
414,Word,6
415,subway,n. 地道；地铁
416,magnet,n. 磁铁，磁体；有吸引力的人或事物
417,defect,n. 缺点，缺陷，欠缺
418,defect,v. 变节；叛变
419,attribute,vt. 把···归因于
420,attribute,n. 属性
421,release,vt. 释放，排放；解除，解脱；放开，松开；发布；发行
422,succession,n. 连续；一连串；接替，继任，继承
423,chip,n. 屑片，碎片；炸土豆条；集成电路片，集成块；缺口，瑕疵
424,doctoral,adj. 博士的
425,similar,adj. 相似的，类似的
426,maintain,vt. 维持；维修，保养；主张；赡养
427,privilege,n. 特权；优惠
429,provoke,vt. 对···挑衅，激怒；激起，引起
430,function,n. 功能；职务，职责 vi. 运作，运行
431,substitute,n. 代替人；代替品 v. （用···）代替
432,extreme,adj. 极度的；末端的 n. 极端，过分
433,orbit,n. 轨道 vt. （绕···）做轨道运行
434,allowance,n. 津贴，补贴；零用钱
435,component,n. 组成部分，部件，组件 adj. 组成的，构成的
436,interrupt,v. 打断，打扰，中断
437,external,adj. 外部的，外面的
438,declaration,n. 宣布，宣告；宣言，声明（书）；申报
439,somehow,adv. 由于某种原因，不知怎么的；以某种方式
440,distribute,vt. 分发，分送；分布
441,specialist,n. 专家
442,rotate,v. （使）旋转，（使）转动；（使）轮流；交替
443,suck,v. 吸，吮，啜；吸收
445,rod,n. 杆，棒
446,suffer,v. 遭受，忍受；容许；受苦；受挫
447,court,n. 法院，法庭；庭院；宫廷；球场
448,sufficient,adj. 足够的，充分的
451,moist,adj. 湿润的，潮湿的
452,relative,adj. 有关系的；相对的 n. 亲属，亲戚
453,suggestion,n. 建议，意见；细微的迹象；暗示
454,restless,adj. 焦躁不安的；静不下来的，运动不止的
455,delivery,n. 投递，交付；分娩；讲话方式；投递的邮件
457,suicide,n./v. 自杀
458,dip,n./v. 浸，蘸
459,profit,n. 益处；利润，收益 vt. 有益于，有利于 vi. 受益
460,lease,n. 租约，租契 vt. 出租；租得，租有
461,disposal,n. 丟掉，销毁；处理；排列，布置
463,cart,n. （二轮或四轮）运货马车
464,stable,adj. 稳定的，不变的；沉稳的，持重的 n. 厩，马厩，牛棚
465,reckon,vt. 认为，估计；指望，盼望；测算，测量
466,jury,n. 陪审团；评审委员会，评奖团
468,glory,n. 光荣，荣誉；壮丽
469,mist,n. 薄雾 v. （使）蒙上薄雾；（使）模糊
470,congratulate,vt. 祝贺，向···道喜
471,sum,n. 总数；金额；算术 vi. 共计
472,execute,vt. 将···处死；实施，执行
473,essay,n. 短文，散文，小品文
474,route,n. 路线，路程
475,merit,n. 长处，优点，价值；功劳，成绩 vt. 值得，应受
476,local,adj. 地方性的；本地的；局部的；狭隘的
477,compromise,n. 妥协，和解，折中办法 v. 妥协；危及；放弃（原则、理想
478,rally,等n. ）集会；公路汽车赛 v. 集合，团结；恢复，重新振作
479,feather,n. 羽毛，翎毛
480,characterize,vt. 成为···的特征，以···为典型；描绘（人或物的）特性，描述
481,explode,vt. 使爆炸 vi. 爆炸；激增；发怒
482,aware,adj. 知道的，意识到的
483,*upgrade,n. 向上的斜坡；升级
484,*upgrade,vt. 提升；提拔；改善；使升级；使升格
485,*vendor,n. 小贩，摊贩；（某种产品的）销售公司；（房屋等的）卖主
487,*table,等n. 药的）片高；碑涨，牌
488,*proverb,n. 谚语，格言
489,*recite,v. 背诵，朗诵，吟诵；列举；逐一讲述
490,*nutrition,n. 营养；滋养；营养的补给
491,*odo(u)r,n. 气味
492,*lunar,adj. 月亮的，月球的
493,*mainstream,n. 主流
494,*hyphen,n. 连字号，连字符
496,*gender,n. 性别
497,continuity,n. 连续（性），持续（性）
498,corporate,adj. 法人团体的，公司的；全体的；共同的
499,Word,7
500,aside,adv. 在旁边，到旁边
501,grain,n. 谷物，谷粒；颗粒；少量，微量
502,kettle,n. 水壶
503,faulty,adj. 有错误的，有缺点的；有故障的504highly ˈhaɪli adv. 高度地，极；非常赞许地
505,summary,n. 摘要，概要，一览 adj. 概括的，概要的；实时的，即刻的
506,conservation,n. 保存；（对自然资源的）保护；守恒
507,enroll,vi. 入学，加入 vt. 招收，吸收
508,summit,n. （山等的）最高点，峰顶；最高级会议
509,reward,n. 报答，奖赏；报酬，酬金 vt. 报答，酬谢，奖励
510,specialize,vi.成为…专家；专攻
511,available,adj.现成可使用的，通用的；可取的；可取得联系的；可得到
512,structure,的n.结构，构造 vt.建造
513,resident,n.居民，定居者；住院医生 adj.居住的，定居的；住校的；住
514,boundary,院n.分的界线，边界
515,radical,adj.根本的，基本的；彻底地；激进的，激进派的 n.激进分子
516,leading,adj.指导的，带头的；最主要的；饰演主角的
517,rag,n.破布，碎步；破旧衣服
518,prescribe,vt.开（药）；吩咐采用（某种疗法）；规定，指定
519,demonstrate,vt.示范，说明；论证；表露
520,manner,n.方式；态度；风度；礼貌，规矩
521,sunrise,n.日出（时分）；朝露
522,construct,vt.建造；构思
523,construct,n.建筑物；构想，观念
524,railway,n.铁路
525,opportunity,n.机会，良机
526,lag,vi.走得慢 n.落后
527,sunset,n.日落（时分）；晚霞
528,fade,vi.褪色；凋谢；逐渐消失 vt.使褪色
529,singular,adj.单数的；非凡的，奇特的；独一无二的
531,recreation,n.娱乐活动，消遣
532,procession,n.队伍，行列
534,hell,n.地狱；极大的痛苦
535,proof,n.证据，证明；校样，样张 adj.耐…的，能防……的
537,broom,n.扫帚
538,recruit,vt.招募（新兵），吸收（新成员）n.新兵；新成员
539,contrast,n.对比，对照；反差
540,contrast,vt.对比，对照 vi.形成对比，对比之下显出区别
541,sunshine,n.（直射）日光，阳光
542,introduction,n.介绍；引进；引言
543,ancestor,n.祖宗，祖先；原型；先驱
544,split,v.分裂，分离；撕裂，裂开；分担，分享 n.裂口
545,painful,adj.疼痛的，引起疼痛的；困难的；令人不快的
546,interest,n.兴趣；利益，利害关系；利息 vt.使感兴趣
547,noticeable,adj.显而易见的
548,graduate,n.毕业生；研究生 adj.研究生的
549,graduate,v.（使）毕业
550,superb,adj.极好的；高质量的
551,glance,n.一瞥 vi.看一下；（用眼睛）扫视；反射（光等）
553,fierce,adj.凶猛的；狂热的
554,paragraph,n.（文章的）段，节
555,enquire,v.询问
556,preparation,n.准备（工作），预备；制剂
557,justice,n.正义，公正；司法
558,emit,vt.散发；发射；发表；发出（声音）559superficial ˌsuːpəˈfɪʃl adj.表面的，肤浅的
560,drip,vi.滴下，漏水 n.水滴；滴水声
561,sole,n.脚底，鞋底，袜底 adj.单独的，唯一的
562,folk,n.人们；家属，亲属；大伙儿，各位
564,motor,n.发动机，电动车
565,airport,n.机场，航空港
566,enclose,vt.围住，圈起；附上；把…装入信封
567,bounce,v.（使）弹起，（使）反弹；（使）颠簸 n.弹，反弹
568,occasion,n.场合，时刻；重大（或特殊）活动；时机；起因 vt.引起
569,determine,vt.决定；查明；使下决心 vi.决意
570,permit,v.允许，许可，准许
571,permit,n.许可证，特许证
572,*freshman,n.（大学）一年级学生
573,*gamble,n.赌博；投机，冒险 vt.赌，以…为赌注 vi.打赌
575,*imperial,adj.帝国的，帝王的；（度量衡）英制的
576,*loophole,n.漏洞，空子
577,*manipulate,vt.操纵，控制，影响；（熟练地）操作，使用
578,*ornament,n.装饰品，点缀品
579,*ornament,vt.装饰，点缀，美化
580,*paradox,n.似乎矛盾而（可能）正确的说法；自相矛盾；悖论
581,*awe,n.敬畏；惊叹 vt.使敬畏；使惊叹
582,*bail,n.保释金；保释 vt.保释；帮助脱离困境
583,*cane,n.手杖；（藤、竹等的）茎
584,*geology,n.地质学；地质情况
585,coverage,n.新闻报道；覆盖范围
586,Word,8
587,statement,n.陈述，声明；结算单，报表
588,award,n.奖，奖品；判定 vt.授予，给予；判给，裁定
589,bold,adj.勇敢的；鲁莽的；粗（字）体的，黑（字）体的；醒目的
590,so-called,adj.所谓的，号称的
592,sunlight,n.日光，阳光
593,alternative,n.替换物，选择；选择的自由 adj.两者选一的，供选择的；另
594,kingdom,类n.王的国；领域；（动物、植物、矿物）界
595,mobile,adj.运动的；流动的；多变的
597,storage,n.贮藏；贮藏量
598,erroneous,adj.错误的，不正确的
599,supplement,n.增补（物），补充（物）；增刊，副刊
600,supplement,vt.增补，补充
601,locate,vt.探明，找出；把…设置在，使……坐落于
602,cabin,n.小屋；船舱，机舱
603,receiver,n.（电话）听筒；接收器
604,support,vt.支撑；支持；供养；证实 n.支持；支撑物；支持者
605,Bible,n.《圣经》
606,assign,vt.指派，分配，布置（作业）；指定（时间、地点等）
608,fatal,adj.致命的；命中注定的；重大的，决定性的
609,pad,n.垫，衬垫；便笺本；发射台；直升机起落场 vt.填塞
610,excursion,n.远足，短途旅行
611,ignorant,adj.不知道的，无知的
612,county,n.郡，县613condense kənˈdens v.（使）冷凝，（使）凝结，浓缩，压缩，简缩
615,asset,n.资产，财产；有价值的特性或技能，优点
616,involve,vt.使卷入，牵涉；包含，含有
617,rear,n.后部，背面；后方 adj.后部的，背后的 vt.抚养，饲养；种植
618,hollow,adj.空的，空洞的；沉闷的；虚伪的
620,shallow,adj.浅的；浅薄的 n.浅滩，浅水处
621,procedure,n.程序，手续，步骤
622,controversial,adj.引起争论的，有争议的
623,curve,n.曲线；弯，弯曲处 v.（使）弯曲
624,spiritual,adj.精神的，心灵的；宗教（上）的
625,astonish,vt.使惊讶，使吃惊
626,fold,v.折叠，合拢 n.褶，折叠的部分
628,condition,n.状况，状态；环境
629,segment,n.部分；片段；（橘子等的）瓣
630,segment,v.分割，划分
631,cabbage,n.洋白菜，卷心菜
632,condemn,vt.谴责，指责；判…刑，宣告…有罪
633,mild,adj.温柔的；温暖的；轻微的
634,surgery,n.外科；外科手术；手术室
635,leisure,n.空闲时间；悠闲
636,accomplish,vt.达到（目的）；完成
637,plug,n.插头，插座；塞子，栓 vt.把…塞住，用…塞住
638,surplus,n.过剩，剩余，盈余 adj.过剩的，多余的
640,surround,vt.围，围绕；圈住
641,private,adj.私人的；秘密的；私下的；私营的 n.士兵，列兵
642,bulb,n.电灯泡；球状物
643,meaning,n.意义，意思；目的；重要性
644,annual,adj.每年的，一年一次的 n.年报，年鉴；一年生的植物
645,eliminate,vt.消灭，消除，排除；淘汰
646,horn,n.角；号角；警报器
647,damn,n.水坝，水堤；障碍物 vt.筑堤挡住
649,alike,adj.同样的，相同的 adv.一样地，相似地；同样程度地
650,phenomenon,n.[pl.phenomena]现象，迹象；非凡的人（或事物）
651,survey,vt.俯瞰；检查；测量
652,survey,n.检查，勘察；测量，勘测；全面审视；概括论述
653,curtain,n.门帘，窗帘；（舞台上的）幕
654,household,n.家庭，户；家务 adj.家庭的；家喻户晓的
655,*bystander,n.旁观者
656,*cafeteria,n.自助餐馆，自助食堂
657,*aviation,n.航空，航空学；飞机制造业
658,*bait,n.鱼饵；诱饵；诱惑物，引诱物 vt.装饵于；故意激怒
659,*cute,adj.漂亮迷人的，可爱的；精明的，机灵的
660,*extinguish,vt.熄灭，扑灭；使消亡，使破灭
661,*federation,n.联合会；联邦；同盟，联盟
662,*grin,v./n.咧嘴笑
663,*hatch,v.孵出；出壳；孵化；策划；（尤指）密谋 n.（飞机等的）舱
664,*irrational,门adj.不合逻辑的；没有道理的；无理性的
665,*layoff,n.解雇，裁员；暂歇工期，停工期
666,*migrate,vi.（候鸟等）迁徙，移栖；移居（尤指移居国外），迁移667*norm nɔːm n.标准，规范；[常pl.]准则
668,*dual,adj.双（重）的，两重的
669,decisive,adj.决定性的；坚定的，果断的
670,Word,9
671,medal,n.奖牌，奖章，勋章
672,invest,v.投资，投入；授予
674,awkward,adj.笨拙的；尴尬的；难操纵的，使用不便的；不灵巧的
675,synthetic,adj.综合的，合成的；虚假的
676,manufacture,vt.（大量）制造，加工 n.制造，制造业
677,curse,v.诅咒，咒骂 n.天谴；祸害，祸根
678,suspect,vt.疑有；推测；对…表示怀疑（或不信任）
679,suspect,n.嫌疑犯，可疑分子 adj.可疑的，不信任的
680,crossing,n.人行横道，交叉口；横渡
681,suspend,vt.暂停，中止；吊，悬
682,tide,n.潮，潮汐；潮流，趋势
683,fascinate,vt.迷住，强烈吸引 vi.有吸引力，迷人
684,cope,vi.（成功地）应付，（妥善地）处理
685,tour,n./vi.旅行，游历
686,barely,adv.仅仅，只不过，几乎不
687,gap,n.缺口；间隔；差距；缺陷
688,oppose,vt.反对；反抗
689,deadline,n.最后期限
691,joint,n.接头，接缝；关节 adj.连接的；共同的
692,surrender,n./v.交出，放弃；投降
693,rude,adj.粗鲁的，不礼貌的；粗糙的，粗陋的
694,faint,adj.模糊的，隐约的；微弱的，微小的；眩晕的 n./vi.昏厥
695,conference,n.（正式）会议，讨论会；讨论，商谈
696,issue,n.问题；发行；分发 v.发行；分发；发出
698,interior,adj.内部的；内地的 n.内部
699,analyse,vt.分解；分析；解析
700,hazard,n.危险；公害 vt.尝试着做（或提出）；冒…风险
701,miracle,n.奇迹，令人惊奇的人或事
702,sway,v.摇，摇动；动摇 n.摇摆，摇动；起支配作用的影响
704,librarian,n.图书管理员
705,kid,n.小孩；年轻人 v.戏弄，（与…）开玩笑
706,partner,n.伙伴，合伙人，搭档；配偶 vi.做…的搭档
707,swear,v.宣誓；咒骂
708,center,n.圆心，正中；（活动、注意力等的）中心
709,tidy,adj.整洁的，整齐的 v.（使）整洁，（使）整齐
710,passport,n.护照
712,link,v.连接，联系 n.环节，联系，纽带
713,brave,adj.勇敢的；鲁莽的；粗（字）体的，黑（字）体的；醒目的
714,swift,adj.快的；反应快的；敏捷的
715,prohibit,vt.禁止，不准
716,approve,v.赞成，称许；批准
717,swing,v.摇摆，回传；（使）突然转向 n.摇摆；秋千
718,ideal,adj.理想的；观念的；空想的 n.理想；理想的东西（或人）
719,arrest,vt.逮捕，拘留；停止，阻止；吸引 n.逮捕，拘留，扣留
720,landscape,n.风景，景色；风景画；全景 vt.美化…的景观721represent ˌreprɪˈzent vt.作为…的代表（或代理）；表示，象征；描绘；表现
722,switch,n.开关，电闸；转换，改变 v.转换，改变
723,audience,n.听众，观众；读者
724,sword,n.剑，刀
725,fibre,n.纤维，纤维质
726,spot,n.点，斑点；地点，处所；少量 vt.认出，发现；玷污
727,symbol,n.象征；符号，标志
728,pension,n.养老金，抚恤金 vt.发给…养老金（退休金、抚恤金等）
729,sanction,vt.批准，认可 n.批准，认可；约束因素，约束力；国际制裁
730,bucket,n.水桶，提桶；铲斗
731,delicious,adj.美味的；芬芳的，怡人的
732,beggar,n.乞丐 vt.使贫穷
733,liable,adj.易于…的；可能的；（法律上）负有偿付责任的
735,management,n.管理；处理；管理部门；管理人员
736,session,n.会议，一届会期；（从事某项活动的）集会（或一段时间）
737,breeze,n.微风，和风 vi.飘然而行
738,*customs,n.关税，进口税；海关
739,*deficit,n.赤字，亏空，亏损
740,*expressway,n.高速公路
741,*fireworks,n.烟火；烟火表演；激烈争论
742,*automate,v.（使）自动化
743,*ballot,n.选举；投票表决；投票总数 v.（使）投票表决
744,*overhear,vt.无意中听到，偶然听到
746,*hospitable,adj.好客的，殷勤的；（气候、环境等）宜人的
747,*implicit,adj.不直接言明的，含蓄的；内涵的，固有的；绝对的，完全
748,*massage,的n.按摩 v.按摩，推拿；美化（事实）；虚报（数量）；粉饰
749,*nickel,n.镍；（美国和加拿大的）五分镍币，五分钱
750,*relay,n.接力赛；轮换者；中继设备 vt.传送；传达，转述；转播
752,donate,v.捐赠，赠送
753,Word,10
754,imitate,vt.模仿，效仿，仿制
755,sympathy,n.同情；一致，（思想感情上的）支持，赞同
756,advantage,n.优点，优势，好处
757,considerable,adj. 相当大（或多）的；重要的
758,spur,n. 刺激物 vt. 刺激，鞭策，激励
759,infant,n. 婴儿 adj. 婴儿的；幼稚的
760,banner,n. 横幅；旗，旗帜
761,symptom,n. 症状；征候，征兆
762,pillar,n. 柱，柱子；栋梁
763,outcome,n. 结果
764,journey,n. 旅行，旅程 vi. 旅行
765,forehead,n. 额头；前部
766,conscience,n. 良心，道德心
767,precise,adj. 精确的，准确的；严谨的
768,cable,n. 缆，索，电缆；（海底）电报
769,screw,n. 螺丝（钉） vt. （用螺钉等）固定，拧紧
770,gang,n. 一帮，一伙 vi. 聚集，结成一伙
771,favour,n. 好感；赞同；恩惠 vt. 赞同；喜爱，偏爱；有利于
772,constitute,vt. 组成，形成；设立；任命
773,squeeze,v. 挤；压榨，榨取；捏，握 n. 挤；握手；拮据，紧缺
774,culture,n. 文化，文明；教养；培养；培养菌
775,system,n. 体系，系统；制度，体制；方法，做法
776,halfway,adj. 中途的；部分的；不彻底的 adv. 半路地；在中途，在半途777missile ˈmɪsaɪl n. 导弹，飞弹；投射物
778,cast,带；铸型，铸件；投，抛
779,Marxist,adj. 马克思主义的 n. 马克思主义者
780,prior,adj. 在前的；优先的
781,seal,n. 封铅，封条；印，图章；海豹 vt. （密）封
782,onion,n. 洋葱；洋葱类植物
784,hesitate,vi. 犹豫，踌躇；含糊；不情愿
785,crawl,vi. 爬，爬行；缓慢地行进
786,dye,vt. 染 n. 染料；染色
787,contribute,v. 捐献，捐款；投稿
788,cigarette,n. 香烟，纸烟，卷烟
789,immense,adj. 巨大的；极好的
790,outer,adj. 外面的，外层的
791,fabric,n. 织物，纺织品；结构
792,ridge,n. 脊，山脊；垄，埂，脊状突起
793,mass,的，大规模的 v. 聚集，集中
794,competent,adj. 有能力的， 能胜任的
795,revolutionary,adj. 革命的，革新的 n.革命者
796,conclusion,n. 结论，推论；结尾；缔结，议定
797,bang,猛击，猛撞；发出砰的一声，砰砰地响
798,curious,adj. 好奇的；奇怪的
799,pulse,n. 脉搏；脉冲 vi. 搏动，跳动
800,encounter,vt. 遭遇，遇到 n. 遭遇
802,preposition,n. 介词
803,reinforce,vt. 增强，加强，增援
804,pond,n. 池塘
805,rail,n. 栏杆，横杆；铁轨，轨道；铁路 vi. 责骂，抱怨
806,pat,n. 轻拍 adj. 非常恰当的；适时的
807,rational,adj. 理性的，理智的；合理的
808,flee,v. 逃走，逃掉，逃离；避开，逃避
809,executive,adj. 执行的 n. 执行者
810,tag,n. 附加语；标签 vt. 给…加上標善 vi. 尾随
811,means,n. 方法，手段，工具；金钱，财产
812,nephew,n. 侄子，外甥
813,motivate,vt. 作为…的动机；激励，激发
814,*explicit,adj. 详述的；明确的，明晰的；直言的，毫不隐瞒的；露骨的
815,*fluctuate,vt. 涨落，波动，起伏
816,*curb,vt. 控制，约束 n. 控制，约束；（街道或人行道的）路缘
817,*defy,vt. （公然）违抗，藐视；使成为不可能；挑衅
818,*authorize,vt. 授权，批准
819,*foresight,n. 深谋远虑；先见之明
820,*gravitation,n. 重力，引力
821,*bandage,n. 绷带 vt. 用绷带绑扎
822,*expertise,n. 专门知识（或技能等），专长
823,*haunt,等）萦绕在心头，缠绕 n. 常去的地方
824,*lily,n. 百合花
825,*marsh,nn.. 沼伤泽疤，，湿伤地痕；（精神上的）创伤 v. （给…）留下伤痕（或创
826,*scar,伤）
827,*toll,n. 过路费；伤亡人数；损失 v. 敲（钟）
830,*runway,n. 飞机跑道
831,energetic,adj. 精力充沛的，充满活力的
832,Word,11
833,consistent,adj. 坚持的，一贯的；一致的，符合的
834,nowhere,adv. 任何地方都不
835,sympathetic,adj. 同情的；和谐的；赞同的，支持的；合意的
836,failure,n. 失败；失败的人；失灵，故障；不履行
838,calm,adj. 静的，平静的 v. （使）平静，（使）镇静
839,tame,用；驯化，驯服
840,cancel,vt. 取消，撤销；删去
841,pray,v. 祈祷，祈求；请求，恳请
842,target,n. 目标 vt. 把…作为目标；瞄准
843,camel,n. 骆驼
844,technician,n.技术员，技师
845,setting,的位置
846,technique,n. 技术，技巧，技能
847,emerge,vi. 出现，涌现，冒出
848,tax,n. 税，税款；负担 vt. 对…征税；使负担重，使费尽力气
849,capable,adj. 有能力的，有才能的
850,technology,n. 工艺学；工艺，技术
851,selfish,adj. 自私的，利己的
852,participate,vi. 参与，参加；分享
853,tedious,adj. 冗长乏味的，沉闷的
854,anxious,adj. 忧虑的，令人焦急的；渴望的
855,famine,n. 饥荒；严重的缺乏
856,per,prep. 每，每一
857,fundamental,adj. 基础的，基本的 n. 基本原则
858,plural,adj. 复数的 n. 复数
859,anticipate,vt. 预料，预期，期望；先于…行动；提前使用
860,teenager,n. 青少年
861,compress,vt. 压紧，压缩
862,pepper,n. 胡椒，胡椒粉 vt. 在…上撒（胡椒粉等）；使布满
863,discharge,v. 释放，排出；卸货
865,telescope,n. 望远镜
866,hospitalize,vt. 使就医
867,extensive,adj. 广阔的，广泛的
868,temper,n. 韧度；心情，情绪 vt. 调和，使缓和；【冶】使回火
869,amuse,vt. 逗…乐，给…娱乐
870,current,adj. 当前的；通用的；流行的，流传的
871,mask,n. 面具，面罩，口罩；伪装 vt. 遮盖，掩饰
872,temple,n. 圣堂，神殿，庙宇
873,decay,vi. 腐烂；衰败 n. 腐烂
874,musician,n. 音乐家，乐师
875,feedback,n. 反馈，反应
876,accordance,n. 一致；和谐
877,perceive,vt. 感知，感觉，察觉；认识到，意识到；理解
878,scarcely,adv. 几乎不，简直不；决不；刚刚，才
879,clay,n. 黏土，泥土；肉体
880,intelligent,adj. 聪明的，理智的
881,conductor,n. （公共汽车站的）售票员，列车长；（乐队）指挥；导体
882,garlic,n. 大蒜
883,temporary,adj. 暂时的，临时的
884,recognize,vt. 认出，识别；承认；赏识；表彰v. （使）迷惑，（使）为难；（使）苦思 n. 智力测验；谜，
886,absolute,adj. 十足的，地道的；绝对的，完全的；不受任何限制的
887,frank,adj. 坦白的，直率的
888,hip,n. 臀部，髋部
889,polish,vt. 磨光；修改，润色，使优美 n. 擦光剂
890,temptation,n. 诱惑（物）；引诱
892,glue,n. 胶，胶水 vt. 胶合
893,solemn,adj. 庄严的，隆重的；严肃的
894,tend,vt. 易于，往往会；趋向，倾向 vi. 照管，照料，护理
895,ancient,adj. 古代的，古老的；年老的
896,effective,"adj, 有效的；有影响的"
897,channel,n. 海峡，水道，航道；渠道，途径；频道
898,*strive,vi. 努力，奋斗，力求
899,*tangible,avtd.j .逐 真渐实削的弱，（实信际心的、；权可威触等摸）的；，从可根触基知处的破；坏有；形在的…下面挖通
900,*undermine,道
901,*visa,n. （护照的）签证
902,*wallet,n. 钱包；皮夹子
903,*authentic,adj. 真实的，真正的；真品的；真迹的；逼真的
904,*banknote,n. 银行劵；钞票
905,*cucumber,n. 黄瓜
907,*exile,放，使流亡
908,*forestry,n. 林业
910,*melon,n. 瓜，甜瓜
911,fake,伪造，捏造；伪装，假装
912,Word,12 adj. 原始的，早期的；简单的；粗糙的 n. 原（始）人；原始事
913,primitive,物
914,consent,n. 同意，赞成 vi. 同意
915,organize,vt. 组织，把…编组；使有条理
916,drama,n. （一出）戏剧，剧本；戏剧性事件
917,miserable,adj. 痛苦的；悲惨的；令人难受（或痛苦的）
918,fur,n. 软毛，毛皮，裘皮；毛皮衣服
919,antique,n. 古物，古董 adj. 古时的，过时的
920,innovative,adj. 创新的，革新（主义）的
921,replacement,n. 代替，取代；更换，调换；替代的人（或物）
922,inner,adj. 内部的；内心的
923,clerk,n. 店员，办事员，职员
924,liquor,n. 酒，烈性酒
925,presently,adv. 不久，一会儿；现在，目前
926,gene,n. 基因
927,security,n. 安全，保障；抵押品；证券
928,nerve,n. 神经；勇敢，胆量
929,greedy,adj. 贪吃的；贪婪的；渴望的
930,essential,adj. 必要的；本质的 n. 要素；必需品
931,decorate,vt. 装饰，装潢，修饰
932,excess,n. 超越；过量，过度
934,compare,vt. 比较，对照；把…比作
935,fuel,n. 燃料，燃料剂 vt. 给…加燃料；刺激 vi. 加燃料；加油
936,command,vt. 命令，指挥，控制 n. 控制；掌握，精通
937,plastic,adj. 塑料（制）的；可塑的 n. 塑料，塑料制品；信用卡
938,characteristic,adj. 特有的，典型的 n. 特性，特征939pressure ˈpreʃə(r) n. 压（力），压强；压迫 vt. 对…施加压力，迫使
940,nearby,adj. 附近的 adv. 在附近
941,environment,n. 环境，外界；周围的情况
942,crime,n. 罪，罪行，犯罪
943,pigeon,n. 鸽子
944,cement,n. 水泥，胶泥 vt. 黏结；巩固；使团结
945,magnificent,adj. 宏伟的，壮丽的；华丽的；极好的
946,investigate,v. 调查，研究
947,painter,n. （油）漆工；画家
948,infinite,adj. 无限的；无穷的
949,moderate,adj. 中等的；温和的，稳健的；有节制的
951,atomic,adj. 原子的；原子能的；原子武器的
952,tender,式）提出 n. 投标号
953,anchor,固定；担任（电视节目等的）主持人；固定，扎根
954,mystery,n. 神秘；神秘的人（或事）
955,associate,vt. （在思想上）把…联系在一起；使联合 vi. 联合；交往
957,legal,adj. 法律的；合法的
958,affect,vt. 影响；感动
959,tense,（使）绷紧
960,comedy,n. 喜剧，戏剧性（事件）
961,flour,n. 面粉；粉，粉状物质
962,collision,n. 碰撞；冲突，抵触
963,absent,adj. 缺席的，不在场的；缺乏的，不存在的；心不在焉的
964,critical,adj. 决定性的，关键的；批评的
965,paw,n. 爪子 v. 用爪子抓，用蹄扒；翻找
966,crew,n. 全体船员；一队工作人员
967,flesh,n. 肉，肌肉，肉体
968,innocent,adj. 清白的；幼稚的；没有恶意的
969,excitement,n. 刺激，激动，兴奋；令人兴奋的事，刺激的因素
970,adult,n. 成年人 adj. 成年的；成年人的，适宜于成年人的
971,enhance,vt. 提高，增高，加强
972,arrival,n. 到达，到来；到达者，到达物
973,brief,要，摘要
974,ambition,n. 雄心，抱负；野心；期望得到的东西
975,outline,n. 提纲，要点；外形，略图 vt. 概述；描…外形（或轮廓）
976,distinguish,vt. 区别，辨别，识别；使显出特色，使杰出
977,shortcoming,n. 短处，缺点
978,*oversee,v. 监督，监视；审查
979,*auditorium,n. 观众席，听众席；礼堂，会堂
980,*homosexual,n. 同性恋者 adj. 同性恋的
981,*banquet,n. 宴会，盛宴
982,*excel,vt. 胜过，优于 vi. 突出；擅长
983,*crocodile,n. 鳄鱼；鳄鱼皮
984,*deprive,vt. 剥夺，使丧失
985,*municipal,adj. 市的，市政的
986,*overdue,adj. 到期未付的；逾期未还的；早该发生的
988,*incentive,n. 刺激；鼓励；激励
989,*refrain,vi. 抑制，克制，戒除 n. （诗歌的）叠句，副歌
990,*attic,n. （仅靠屋顶的）阁楼，顶楼
991,*barbecue,n. 燒烤野餐；金属燒烤 vt. 在烤架上燒烤
992,*canteen,n. 食堂；小卖部；（带帆布套的）水壶
995,Word,13
996,propose,v. 提议，建议，提出；提名，推荐；打算，计划；求婚
997,former,adj. 在前的 n. 前者
998,consumption,nad. 消j. （耗疾（病量））晚；期消的费，（不量治）的；末端的，终点的，极限的 n.
1000,casual,淡ad的j. 困难的，难对付的；坚强的，能吃苦耐劳的；健壮的；坚
1001,tough,的
1002,pursue,vt. 继续；从事；追赶，追踪；追求
1003,oral,adj. 口头的；口的
1004,territory,n. 领土，版图；领域
1005,mere,adj. 仅仅的；纯粹的
1006,gross,adj. 总的；严重的；粗俗的；臃肿的
1007,tone,n. 腔调，语气；音调；风格；气度；色调，明暗
1008,indication,n. 指示，表示，表明；象征，迹象
1009,embrace,n. 拥抱，怀抱 vt. 拥抱；包括；包围
1010,integration,n. 综合；融合；合并
1011,numerous,adj. 众多的
1012,launch,vt. 发射，投射；发动；使（船）下水 n. 发射；（船）下水
1013,discount,n. （价格、债款等的）折扣
1015,incline,n. 斜坡 v. （使）倾斜；弯（腰）；（使）倾向于
1016,liberal,adj. 心胸宽大的，慷慨的；自由的，自由主义的
1017,marry,v. 娶，嫁；为…证婚；结婚，结合
1018,constitution,n. 宪法，章程；组成；设立
1019,tolerate,vt. 忍受，容忍；容许；承认
1020,intellectual,nn.. 知业识余分爱子好 者ad；j. 智外力行的 ad，j. 脑业力余的爱好的，业余（身份）的；外行
1021,amateur,的
1022,mushroom,n. 蘑菇 vi. 迅速成长（或发展）
1023,lavatory,n. 盥洗室，厕所
1024,millimetre,n. 毫米
1025,elbow,n. 肘，（衣服的）肘部 vt. 用肘部推，用肘挤
1027,textile,n. 纺织品；纺织业 adj. 纺织的
1028,frame,n. 框架，框子，构架 vt. 给…镶框；陷害，诬告；制定；表达
1029,blend,n./v. 混合
1030,misunderstand,vt. 误解，误会
1031,lap,（波浪等）拍打
1032,notion,n. 概念，观念；意图，想法，（怪）念头
1033,hatred,n. 憎恶，憎恨，仇恨
1034,durable,adj. 持久的，耐用的
1035,employee,n. 受雇者，雇员，雇工
1036,sausage,n. 香肠，腊肠
1037,theme,n. 主题，题目
1038,colleague,n. 同事；同僚
1039,dramatic,adj. 引人注目的，激动人心的；突然的；巨大的；戏剧的
1040,spacecraft,n. 航天器，宇宙飞船
1041,preserve,vt. 保护，维持；保持；腌制
1042,import,vt. 输入；进口
1044,bankrupt,adj. 破产的
1045,cartoon,n. 卡通画，幽默画；动画片，卡通片
1046,romantic,的，空想的
1047,barrel,n. 桶；圆筒；枪管
1048,settle,落，停留；安定1049hopeful ˈhəʊpfl adj. 有希望的
1050,criminal,n. 犯人，罪犯，刑事犯 adj. 犯罪的，刑事的
1051,insert,vt. 插入，嵌入；登载
1052,stack,n. 堆，垛 vt. 堆积，堆放于
1053,accuse,vt. 指责，归咎于
1054,reveal,vt. 揭露，泄露；展现，显示
1055,pack,vt. 捆扎，把…打包；使挤在一起，塞满 n. 包，小盒
1056,guilty,adj. 内疚的；有罪的
1057,payment,n. 支付；支付的款项
1058,*astronomy,n. 天文学
1059,*induce,vt. 诱使，劝说；引起，导致；催产
1060,*mule,n. 骡子；越境运毒者；（跟部敞开的）拖鞋
1061,*basement,n. 地下室，地窖；建筑物的底部
1062,*forthcoming,adj. 即将发生（或出版）的；现成的；乐于提供消息的
1063,*hinder,vt. 阻碍，妨碍
1064,*despatch,vt. 派遣，调遣；发送
1066,*nasty,流的，道德败坏的
1067,*batch,n. 一批，一组，一群；一批生产量
1068,*cracker,n. 爆竹，鞭炮；薄脆饼干
1069,*oversight,n. 忽略，失察，疏忽；监督；照管
1070,*astronaut,n. 宇航员
1071,*deteriorate,vi. 恶化，变坏
1072,*enlighten,vt. 启发，开导；阐明
1073,*bachelor,n. 学士；学士学位；单身男子，单身汉
1074,*aptitude,n. （学习方面的）才能，资质，天资
1075,*entrepreneur,n. 企业家
1076,heighten,v. 提高，升高；加速
1077,Word,14
1078,elect,vt. 选举，推选；选择
1079,downward,adj. 向下的 adv. 向下地
1080,liquid,n. 液体 adj. 液体的；清澈的；流畅的
1081,clue,n. 线索，暗示，提示
1082,jazz,n. 爵士音乐，爵士舞曲
1083,conjunction,n. 接合，连接，联合；连（接）词
1084,lord,n. 领主，君主，贵族
1085,therapy,n. 治疗，理疗
1086,cease,v. 停止，终止
1087,variable,adj. 易变的 n. 变量
1088,identity,n. 身份；个性，特性；同一性，一致性
1089,obligation,n. 义务，责任
1090,consult,vt. 请教；查阅；商议
1091,anyway,adv. 无论如何，至少；不论以何种方式，无论从什么角度
1092,scan,vt. 细看，审视；扫描，浏览 n. 扫描
1093,lemon,n. 柠檬；柠檬树；柠檬黄，淡黄色
1094,agent,n. 代理人，代理商；政府代表；动因，原因；剂
1095,modernization,n. 现代化
1096,climate,n. 气候；风土，地带；风气，气氛
1097,addition,n. 加，加法；附加物
1098,integrate,v. （使）成为一体，（使）合并
1099,exterior,adj. 外部的；对外的 n. 外部，外表
1100,thereby,adv. 因此，从而，由此
1101,architect,n. 建筑师，设计师；缔造者
1102,therefore,"adv, 因此，所以"
1103,handful,n. 一把，少数，一小撮
1104,loyal,adj. 忠诚的，中心的
1105,furthermore,adv. 而且，此外1106insurance ɪnˈʃʊərəns n. 保险，保险费
1107,category,n. 种类，类别
1108,refine,vatd.j .精 厚炼的，，精密制的，，提浓纯的；；使（优说美话，）使不完清善楚的，口音重的 adv. 厚
1109,thick,厚地
1110,minority,n. 少数；少数民族
1111,sorrow,n. 悲痛，悲哀，悲伤；伤心事，不幸的事
1112,thinking,n. 思考；想法，意见，见解 adj. 深思的，有理性的
1113,quiz,n. 智力竞赛，问答比赛；小测验 vt. 考查，盘问
1114,airplane,n. 飞机跑道
1115,thirsty,adj. 渴的；渴望的
1116,platform,n. 平台，站台，讲台；（政党的）纲领，宣言
1117,merchant,n. 商人
1118,fertile,adj. 肥沃的；多产的；（想象力或创造力）丰富的
1119,particularly,adv. 特别，尤其
1120,crisis,n. 危机，存亡之际；关键阶段
1121,thorough,adj. 彻底的；详尽的
1122,forth,adv. 向前；向外，往外
1123,retreat,n./vi. 退却，撤退；退避，退缩
1124,jungle,n. 丛林，密林，莽丛；乱七八糟的一堆
1125,relevant,adj. 有关的；切题的
1126,admit,vt. 承认，供认；准许…进入
1127,thoughtful,adj. 沉思的；体贴的
1128,apartment,n. 一套公寓房间
1129,carbon,n. 碳
1130,afterward,adv. 后来，以后
1131,entire,adj. 全部的，整个的
1132,chamber,n. 会议室，会所；（做特殊用途的）房间；腔，室
1133,realm,n. 界，领域，范围；王国，国度
1134,capture,vt. 捕获，俘获；夺得
1135,baseball,n. 棒球
1136,ratio,n. 比，比率
1137,boring,adj. 令人厌烦的，乏味的，无聊的
1138,crowd,nn.. 群样，品一，试批 样v. ，聚样集本； 挤vt.满 从；…挤抽；样推（试验或调查）；品尝；体
1139,sample,验
1140,estate,n. 土地，住宅区，地产；财产，遗产；庄园，种植园
1141,threat,n. 威胁，恐吓；凶兆，征兆
1142,*ashore,adv. 在岸上，上岸
1143,*belly,n. 肚子，腹部
1144,*ethic,n. 道德准则；行为准则；伦理标准；道德体系
1145,*gorgeous,adj. 华丽的，灿烂的，绚丽的；令人十分愉快的；极好的
1146,*crab,n. 蟹
1147,*dew,n. 露水
1148,*haze,n. 霾，烟雾；懵懂，迷糊 vi. 变模糊，变朦胧
1149,*ample,adj. 充分的；宽敞的；充足的；足够的；丰满的；硕大的
1150,*berry,n. 浆果
1151,*apparatus,n. 器械，器具，仪器；（尤指政党或政府的）机构，组织
1153,*counterpart,n. 与对方地位相当的人；与另一方作用相当的物
1154,*diabetes,n. 糖尿病
1155,*webcast,n. 网络直播
1156,humanity,n. [总称]人类；人性，人道，博爱；[pl.] 人文学科
1157,Word,15
1158,petroleum,n. 石油
1159,constant,n. 常熟，恒量
1160,sustain,撑；经受，遭受
1161,horsepower,n. 马力1162suspicion səˈspɪʃn n. 怀疑，疑心，猜疑；一点儿，少量
1163,prospect,能成为主顾的人；有希望的候选人
1165,conduct,n. 举止，行为；指导；管理（方式）；实施（方式）
1167,lawn,n. 草地，草坪，草场
1168,transmit,vt. 传送，传递；传染；播送；发射
1169,slip,v. 滑跤；滑落；溜；下降；跌落；悄悄放进 n. 疏漏，差错
1170,influential,adj. 有影响的；有权势的
1171,handle,n. 柄，把手 vt. 掌，触；操作，处理
1172,persuasive,adj. 劝诱的；有说服力的
1173,aircraft,n. 飞机，飞行器
1174,thrive,vi. 兴旺，繁荣，旺盛
1175,harm,n./vt. 伤害，损害
1176,prominent,adj. 突出的，杰出的；突起的，凸出的
1177,signal,著的；重大的
1178,encourage,vt. 鼓励；怂恿；促进，助长，激发
1179,recession,n. （经济的）衰退，衰退期
1180,commitment,n. 承诺，许诺，保证；信封，献身；承担的义务
1181,monitor,n. 班长；监视器，检测器；（计算机）显示器 vt. 监听；检测
1182,spark,n. 火花，火星 vi. 发出火花
1183,mug,n. 大杯 vt. 对···行凶抢劫
1184,appreciate,vt. 重视，赏识；领会，体会；感谢
1185,bean,n. 豆，蚕豆
1186,elastic,n. 松紧带 adj. 有单性的，灵活的
1187,presumably,adv. 大概，可能，据推测
1188,bargain,n. 特价商品；协议，交易 vi. 讨价还价
1189,significant,adj. 相当数量的；重要的，意义重大的，意味深长的
1190,throat,n. 咽喉，喉咙；嗓音
1191,extend,v. 延长，扩大；提供，给予；（使）伸展，（使）达到
1192,chief,adj. 主要的，为首的；总的 n. 首领，长官；酋长，族长
1193,instant,n. 瞬间 adj. 立即的；紧急的；（食品）可以速食的
1194,thrust,v. 插；戳，刺 n. 戳，刺；要点，要旨；推力
1195,container,n. 容器；集装箱
1196,thumb,n. （大）拇指 v. 示意要求搭车
1197,honey,n. 蜜，蜂蜜；甜，甜蜜；[常用于称呼]宝贝儿
1198,enforce,tv. 实施，执行；强制，强迫，迫使
1200,monument,n. 纪念碑，纪念馆；历史遗迹
1201,ease,n. 容易；舒适 vt. 暖和
1202,assess,tv. 对（财产等）估价；评价，评论
1203,panic,n. 恐慌，惊慌，慌乱 v. （使）恐慌，（使）惊慌失措
1204,blanket,n. 毛毯，毯子，羊毛毯
1205,drift,vi. 漂流，漂泊 n. 漂流；大意，主旨；趋势
1206,normally,adv. 通常；正常地
1207,dismiss,vt. 不再考虑；解散；解雇；驳回
1208,acre,n. 英亩
1209,deputy,n. 副职，副手；代表，代理人
1210,contract,n. 契约，合同
1212,anniversary,n. 周年纪念日
1213,mainland,n. 大陆
1214,expose,tv. 使接触；揭露
1215,policy,n. 政策，方针；保险单
1216,machinery,n. 机器，机械
1217,exert,vt. 尽（力）；运用
1218,collection,n. 搜集，聚集，积聚；收集，收取；收藏品，收集的东西
1219,gasoline,n. 汽油
1220,dispose,v. 处理，解决；（使）倾向于1221arouse əˈraʊz vt. 引起；唤起，唤醒
1223,inward,adj. 里面的；内心的 adv. 向内
1224,series,n. 一系列，连续；丛书；（电视）连续剧
1225,roast,v. 烤，炙，烘 n. 烤肉 adj. 烤过的，烘过的
1226,timber,n. 木材，原本；大木料，栋木
1227,reluctant,adj. 不情愿的，勉强的
1228,*alley,n. 小巷，胡同，小街
1229,*dignity,n. 庄严，端庄；尊严；高贵
1230,*beverage,n. 饮料
1231,*cellar,n. 地窖，地下室
1232,*enrich,vt. 充实，使丰富；使饱含（某物）；使富裕；使富有
1233,*bin,n. 垃圾箱
1234,*fossil,n. 化石；食古不化的人，老顽固
1235,*garment,n. （一件）衣服
1236,*allega,vt. 断言，宣称，硬说
1237,*bias,n. 偏见，偏心，偏袒 vt. 使有偏见
1239,interact,v. 相互作用，相互影响；互相配合
1240,Word,16
1241,license,n. 许可（证），执照 vt. 准许
1242,upright,adj. 垂直的；正直的，诚实的 adv. 挺直着，竖立着
1243,author,n. 著作家，作者
1244,mission,n. 使命，任务；使团
1245,growth,n. 增长，增长量；生长，生长物
1246,attack,n. 攻击，打击；突然发作 vt. 攻击，进攻
1247,furnish,vt. 供应，提供；装备
1248,pretend,v. 装作，假装
1249,concentrate,v. 全神贯注，全力以赴；集中，聚集；浓缩 n. 浓缩物，浓缩
1250,popularity,液n. 普及，流行；声望
1251,institution,n. 协会；制度，习俗
1253,tissue,n. 组织；薄绢，薄纸，手巾纸
1254,delicate,adj. 纤细的；易碎的；微妙的；精美的
1255,upper,adj. 上面的，地位较高的
1256,gram(me),n. 克
1257,crown,n. 王冠，冕
1258,title,n. 标题，题目；称号，头衔；权利，权益
1259,convey,tv. 表达；传递；运送，输送
1260,mount,v. 登上；发起；安放；增加，加剧 n. 山，峰
1261,toast,n. 烤面包；祝酒，祝酒词 vt. 烘，烤；向···祝酒，为···干杯
1262,amongst,prep. 在···之中
1263,slice,n. 薄片，切片；部分 vt. 切（片），削
1264,dairy,n. 牛奶场；乳制品 adj. 乳制品的
1265,consultant,n. 顾问；会诊医师，专科医生
1266,naked,adj. 裸体的；无遮蔽的
1267,centigrade,adj. 百分度的；摄氏的
1268,precaution,n. 预防；防备，警惕
1269,allocate,vt. 分配，分派，把···拨给
1270,certificate,n. 证书，证件，执照
1271,agenda,n. 议事日程
1272,conventional,adj. 普通的；习惯的，常规的；因循守旧的
1274,topic,n. 题目，论题，话题
1275,renew,v. 重新开始，继续；（使）更新；恢复；延长（···的）有效期1276torch tɔːtʃ n. 火炬，火把；手电筒
1277,clap,v. 拍手，轻拍 n. 拍手，鼓掌
1278,layout,n. 布局，安排，设计
1279,auxiliary,adj. 辅助的，附属的；后备的
1280,conservative,adj. 保守的，守旧的；（式样等）不时兴的，传统的 n. 保守
1282,legislation,n. 法律，法规；立法，法律的制定（或通过）
1283,nationality,n. 国籍；民族
1284,foundation,n. 基础；[pl.] 地基；基金会；建立，创办
1285,copyright,n. 版权
1286,gulf,n. 海湾；巨大的分歧
1287,assistance,n. 协助，援助
1288,combat,n. 战争，斗争，格斗 vt. 与···斗争，与···战斗
1289,exhibit,vt. 显示；陈列，展览 n. 展览品
1290,donation,n. 捐款，捐赠物；捐赠，赠送
1291,fragment,n. 碎片，破片，碎块
1293,reverse,反，对立面；反面，背面，后面；挫折，逆境 adj. 反向的，相
1295,reform,n./v. 改革，改良，改造；改正，改过自新
1296,generally,adv. 一般地，通常地；普遍地
1297,electron,n. 电子
1298,distinct,adj. 与其他不同的；清楚的，明显的
1299,priority,n. 优先（权），重点；优先考虑的事
1300,elementary,adj. 基本的，初级的
1301,towel,n. 毛巾，手巾
1302,opera,n. 歌剧
1303,digital,adj. 数字的，数位的
1304,artistic,adj. 艺术的；艺术家的；富有艺术性的，精美的；精彩的
1305,elderly,adj. 较老的，年长的 n. 到了晚年的人，老年人
1306,crack,n. 裂缝，裂纹；破裂声 vi. 爆裂；噼啪地响；打，击
1307,*algebra,n. 代数
1308,*biochemistry,n. 生物化学
1309,*Celsius,n. 摄氏度 adj. 摄氏的
1310,*bypass,n. （绕过市镇的）旁道，迂回道 vt. 绕过；越过；置···于不顾
1312,*diagnose,vt. 诊断，判断
1313,*mortgage,n. 按揭贷款 vt. 抵押
1314,*overthrow,vt. 推翻；打倒；使终止；摒弃
1316,*prose,n. 散文
1317,*renovate,vt. 修复；翻新；重新粉刷
1318,*bully,n. 仗势欺人者 vt. 威吓，欺负
1319,*addict,n. 瘾君子；吸毒成瘾的人；对···入迷的人
1320,*Confucian,n. 儒家，儒家学者 adj. 孔子的；儒家的
1321,memorize/-ise,v. 记住，熟记
1322,Word,17
1323,Christ,n. 基督，救世主
1324,evidence,n. 根据，证据；证人
1326,trace,n. 痕迹；丝毫，少许 vt. 跟踪；追溯；描摹
1327,expand,vt. 扩大，使膨胀
1328,laughter,n. 笑，笑声
1329,compass,n. 罗盘，指南针；圆规；界限，范围
1330,lean,v. （使）倾斜；屈身；斜靠 adj. 瘦的；贫瘠的1331minister ˈmɪnɪstə(r) n. 部长，大臣；公使，外交使节；牧师
1332,duration,n. 持续，持久
1333,comprehension,n. 理解，理解力，领悟；理解力测验
1334,tradition,n. 传统，惯例
1335,compete,vi. 比赛，竞争，对抗
1336,goodness,int. 天哪 n. 善良，美德，好意
1337,tragedy,n. 悲剧，惨事，惨案；悲剧艺术
1338,offend,vt. 冒犯，伤害···的感情；使厌恶；违反
1339,tractor,n. 拖拉机；牵引车
1340,instinct,n. 本能，天性；直觉
1341,retire,vi. 退休，退役；退下，退出。撤退；就寝
1342,professional,adj. 职业的，专业的，专门的 n. 自由职业者，专业人员
1343,bullet,n. 枪弹，子弹，弹丸
1344,trail,n. 痕迹；小径 vt. 跟踪，追踪
1345,prosperity,n. 繁荣，兴旺
1347,apologize,vi. 道歉，谢罪，认错
1348,pants,n. 长裤，（宽松的）便裤；内裤
1349,shortage,n. 不足，缺少
1350,equality,n. 等同，平等，相等
1351,jealous,adj. 嫉妒的；猜疑的；精心守护的
1353,Inspect,vt. 检查，审查；检阅 vi. 进行检查；进行视察
1354,lorry,n. 运货汽车，卡车
1355,cue,n. 暗示，信号；提示 vt. 提示；暗示
1356,transfer,v. 搬，转移；调动，转学；转让，过户；乘车，换乘
1357,farewell,n. 告别，欢送会
1358,revenue,n. （尤指大宗的）收入，收益；（政府的）税收，岁入
1359,transform,vt. 使改观，改革；变换，把···转换成
1360,hay,n. 干草
1361,advocate,vt. 拥护，提倡，主张
1363,modify,vt. 更改，修改；（语法上）修饰
1364,complicated,adj. 复杂的，难懂的
1365,historic,adj. 历史上著名的，具有重大历史意义的
1366,specify,vt. 指定；详细说明
1367,translation,n. 翻译；译文，译本
1368,prosperous,adj. 繁荣的，兴旺的
1369,baggage,n. 行李
1370,pour,v. 灌，倒；倾泻
1371,transmission,n. 传播；发射；传送，传递；传染
1372,obtain,v. 获得；通用，流行；存在
1373,enthusiasm,n. 热情，热心，热忱；巨兴趣
1374,assemble,v. 集合，召集；装配
1375,slope,n. 倾斜；斜面 v. （使）倾斜
1376,equivalent,adj. 相等的，等量的 n. 相等物，等价物
1377,secondary,adj. 次要的，第二的；（教育、学校等）中等的；辅助的，从
1378,assume,属vt.的 假定，假设，臆断；承担，担任’呈现
1379,process,n. 过程；制作法；（法律）程序 vt. 加工；办理
1382,overcome,vt. 战胜，克服；（感情等）压倒，使受不了
1383,awful,adj. 令人不愉快的，（感到）难过的；非常的，极大的
1384,motion,n. 运动；手势，眼色，动作；提议 v. （向···）打手势，示意
1385,crucial,adj. 至关重要的，决定性的
1386,priest,n. 神父，牧师
1387,transparent,adj. 透明的；易识破的；明显的，清楚的
1388,illegal,adj. 不合法的，非法的1389fancy ˈfænsi n. 想象力，设想；爱好 vt. 喜欢；想象，猜想 adj. 昂贵的；别
1390,conscious,致ad的j. 意识到的，自觉的；神志清醒的；有意的，存心的
1391,transport,vt. 运输
1393,*album,n. 粘贴簿；集邮簿；相册；唱片集
1394,*biography,n. 传记
1395,*cereal,n. （常加牛奶早餐用的）谷类食物；谷类植物，谷物
1396,*bumper,n. （汽车上的）保险杠，缓冲器 adj. 特大的；丰盛的
1397,*proficient,adj. 熟练的；娴熟的；精通的；训练有素的
1398,*repay,vt. 归还；偿还；清偿；报答
1400,*certainty,n. 必然的事，确定的事实；确信，确实
1401,*dilemma,n. （进退两难的）窘境，困境
1402,*cosmos,n. 宇宙
1403,*integrity,n. 正直，诚实，诚恳；完整，完全，完善
1404,preventive,adj. 预防性的
1405,monetary,adj. 钱的，货币的；金融的
1406,Word,18
1407,chill,v. （使）变冷，（使）感到冷 n. 寒冷，寒气；风寒，寒战
1408,flood,n. 洪水；大量 v. 淹没；涌入
1409,species,n. 种，类
1410,contemporary,adj. 当代的；同时代的 n. 同代的，当代人
1411,assistant,n. 助手，助理，助教 adj. 助理的，辅助的
1412,necessity,n. 必需品；必要性，（迫切）需要
1413,scare,n. 惊吓，恐慌 v. 吓，使害怕；受惊吓，感到害怕
1414,transportation,n. 运输，运送；客运
1415,scientific,adj. 科学（上）的
1416,regardless,adj. 不顾后果地；不管怎样，无论如何
1417,create,vt. 创造；引起，产生
1418,diagram,n. 图解，图表，简图
1419,valid,adj. 有效的；正当的；有根据的，有理的
1420,copper,n. 铜；铜币；铜制器
1421,estimate,vt. 估计；评价
1423,carriage,n. 客车厢；四轮马车
1424,mat,n. 席子，垫子
1425,cashier,n. 出纳；收银员
1426,sensible,adj. 明智的；合情理的；有知觉的
1427,faithful,adj. 忠诚的；如实的；尽职的
1428,trap,n. 陷阱，捕捉器；圈套，诡计；困境 vt. 设陷阱捕捉；诱骗
1431,sociology,n. 社会学
1433,historical,adj. 历史的，有关历史的
1434,confine,vt. 限制，使局限；使不外出，禁闭
1435,gymnasium,n. 体育馆，健身房
1436,academy,n. 研究会，学会；（中等以上）专门学校
1437,recorder,n. 录音机，录像机；记录装置，记录仪
1439,fruitful,adj. 多产的，肥沃的
1440,expectation,n. 期待，期望，预期；前程，成功的前景
1441,disappear,vi. 不见，失踪，消失
1443,bleed,vt. 勒索···的钱 vi. 出血，流血；散开，渗开1444carrot ˈkærət n. 胡萝卜
1445,realistic,adj. 现实的；实际可行的；现实主义的；逼真的
1446,tray,n. （浅）盘，托盘，碟
1447,retain,vt. 保留；保持
1448,comb,n. 梳子；鸡冠，冠状物 vt. 梳理；在···搜寻；彻底搜查
1449,reference,n. 提到，论及；参考；引文；参考书目；证明书，证明人
1450,treatment,n. 待遇；治疗，疗法；对待，处理
1451,powerful,adj. 强大的，有力的；有权的；强壮的，强健的
1452,owing,adj. 应付的，未付的
1453,positive,adj. 确实的，明确的；积极的，肯定的
1454,appoint,vt. 任命，委任；约定，指定（时间、地点等）
1455,project,n. 方案，计划；课题，项目；工程
1457,treaty,n. 条约，协议，协定
1458,artificial,adj. 人工的，人为的；矫揉造作的；模拟的
1459,emphasis,n. 强调；重点，重要性
1460,select,vt. 选择，挑选 adj. 精选的，挑选出来的；优等的，第一流的
1461,tremble,vi. 发抖，哆嗦；摇动 n. 颤抖；摇晃，摇动
1462,abundant,adj. 丰富的，富裕的；大量的，充足的
1463,faith,n. 信任；信心；信仰，信条；忠诚
1464,attraction,n. 吸引，吸引力；引力；具有吸引力的事物（或人）
1465,navy,n. 海军
1466,tremendous,adj. 极大的，非常的；精彩的，了不起的
1467,dominant,adj. 占优势的，支配的，统治的；居高临下的，高耸的
1468,harden,v. （使）变硬；（使）变得坚强
1469,trend,n. 倾向 vi. 伸向；倾向
1470,elaborate,adj. 复杂的；精心制作的
1472,bat,n. 蝙蝠；球棒，球拍
1473,triangle,n. 三角（形）
1474,literary,adj. 文学（上）的；文人的，书卷气的
1475,jail,n. 监狱，看守所 vt. 监禁，拘留
1476,design,vt. 设计；预定，指定 n. 设计，构想；图样；企图
1477,script,n. 剧本，广播稿；书写用的字母；笔迹，手迹
1478,*corrupt,adj. 堕落的；腐败的，贪污的 vt. 腐蚀；使堕落；使腐败
1479,*diligent,adj. 勤勉的，勤奋的
1480,*bud,n. 花蕾。叶芽 vi. 发芽，萌芽
1481,*champagne,n. 香槟酒
1482,*mop,n. 墩布，拖把 v. 用拖把擦干净
1483,*overwhelm,vt. （感情上）使受坏了，使不知所措；征服，制服
1484,*chore,n. 家庭杂务，日常零星工作；困难的工作，令人讨厌的工作
1485,*password,n. 密码，口令
1486,*buckle,n. 搭扣，扣环 v. 用搭扣扣紧；（被）压垮，压弯
1487,*chef,n. 厨师，厨师长
1488,*broker,n. （股票、外汇或商品）经纪人，代理人
1489,opponent,n. 对手，敌手，对抗者
1490,Word,19
1492,lest,conj. 唯恐，以免
1493,creep,vi. 爬行，缓慢地行进
1494,afford,vt. 担负得起；提供
1495,trial,n. 试验；审判；讨厌的人（或事物）
1496,inn,n. 小旅店，小酒店
1497,choke,vt. 使窒息；塞满，塞住；哽咽
1498,dental,adj. 牙齿的，牙科的
1499,council,n. 理事会，委员会
1500,portion,n. 一部分，一份 vt. 分配，把···分成若干份
1501,beneficial,adj. 有利的，有益的
1502,lodge,v. 暂住，借宿 n. 乡间小屋；旅舍
1503,troop,n. 军队，部队；一群，大量 vi. 成群结队而行1504vague veɪg adj. 模糊的，含糊的
1505,tropical,adj. 热带的；炎热的
1506,coil,n. （一）卷，（一）圈；线圈 vt. 卷
1507,benefit,n. 利益，恩惠；救济金，保险金，津贴 v. 有益于；得益
1508,troublesome,adj. 令人烦恼的，麻烦的
1509,female,n. 雌性动物；女子 adj. 雌的；女（性）的
1511,truly,adv. 真正地；忠实地
1512,peculiar,adj. 奇怪的，古怪的；特有的
1513,export,vt. 输出，出口
1515,resume,vt. （中断后）重新开始，继续，恢复
1517,portrait,n. 肖像，画像
1518,utter,adj. 完全的，彻底的 vt. 发出，说，讲
1519,bacteria,n. [pl. of bacterium] 细菌
1520,idle,adj. 空闲的，懒散的；无用的 v. 虚度（光阴），无所事事
1521,exchange,n./v. 交换；交流；兑换
1522,pledge,n. 保证，誓言 vt. 保证，许诺
1523,emotion,n. 情感，感情；激动
1524,harsh,adj. 严厉的；粗糙的
1525,saving,n. 节省，节约；储蓄金，存款
1527,trumpet,n. 喇叭，小号 vt. 大声宣告，鼓吹
1528,applause,n. 鼓掌，掌声
1529,nonsense,n. 胡说，废话；冒失（或轻浮）的行动
1530,fantasy,n. 想象，幻想；想象的产物
1531,usage,n. 使用；对待，惯用法
1532,finance,n. 财政，金融；财源，财务情况 v. （为···）筹措资金
1533,exaggerate,v. 夸大，夸张
1534,trunk,n. 树干；大衣箱，皮箱；汽车后备箱；象鼻
1535,grocer,n. 食品商，杂货商
1536,cruise,vi. 航游，巡航；（出租车、船等）缓慢巡行 n. 航游，游戈
1537,initial,adj. 最初的，开始的 n. （姓名等的）首字母
1538,railroad,n. 铁路 vt. 由铁路运输
1539,density,n. 密集，稠密；密度
1540,tube,n. （金属、玻璃等材料的）管；电子管，显像管
1541,attain,vt. 达到，获得，完成
1542,devise,vt. 设计，发明
1543,tune,n. 调子；和谐 vt. 调整，调节；为（乐器）调音
1544,shrug,n./v. 耸肩（表示冷漠、怀疑等）
1545,daylight,n. 白昼，日光，黎明
1546,source,n. （河的）源头，根源；来源，出处
1547,tunnel,n. 隧道，坑道，地道 v. 挖（地道），开（隧道）
1548,site,n. 地点，场所 vt. 使坐落在；设置
1549,handy,adj. 手边的，便于使用的
1550,background,n. 出身背景，经历；背景资料；（画等的）背景、底子
1551,tutor,n. 导师；家庭教师，私人教师 v. 当···导师，当···家庭教师
1552,sauce,n. 调味汁，作料
1553,combine,v. 结合，联合；化合
1555,pill,n. 药丸
1556,bay,n. 湾；分隔间
1557,ceremony,n. 典礼，仪式，礼节
1558,formula,n. 公式，方程式；原则，方案；配方
1559,reservoir,(r) n. 水库，蓄水池；（知识、人才等的）储藏；汇集
1560,delete,vt. 删除，擦掉
1561,pump,n. 泵 vt. （用泵）抽（水），泵送，打气
1562,backward,adj. 向后的，倒的；落后的，进步慢的 adv. [-(s)] 倒；向后，往
1565,niece,n. 侄女，外甥女
1566,protest,v. 抗议，反对‘申辩，申明
1568,*aisle,n. 过道，通道
1569,*dime,n. （美国、加拿大的）十分硬币，十分钱
1572,biotechnology,n. 生物技术；生物工艺学
1574,productive,adj. 多产的，富饶的；富有成效的
1575,productivity,n. 生产力，生产率
1576,Word,20
1577,centimetre,n. 公分，厘米
1578,predict,vt. 预言，预告，预测
1579,acquaintance,n. 认识，了解；熟人
1580,spider,n. 蜘蛛
1581,counsel,n. 律师，法律顾问；总告，劝告 vt. 劝告，提议
1582,learning,n. 学习，学问，知识
1584,typewriter,n. 打字机
1585,determination,n. 决心，决定；确定
1586,sin,n. 罪，罪孽 vi. 犯戒律，犯过失
1587,companion,n. 同伴；共事者；伴侣
1588,destination,n. 目的地，终点，目标
1589,typical,adj. 典型的，代表性的
1590,donkey,n. 驴；笨蛋
1591,sow,v. 播，播种
1592,frontier,n. 边境，边疆；新领域
1593,outlook,n. 观点，看法；展望，前景
1594,typist,n. 打字员
1596,consequence,n. 结果，后果；重要（性），重大
1597,nevertheless,adv. 仍然，然而
1598,dirt,n. 灰尘，土；污物，污垢
1600,doubtful,adj. 难以预测的；怀疑的
1601,committee,n. 委员会，全体委员
1602,tyre,n. 轮胎，车胎
1603,ugly,adj. 丑陋的；可怕的
1605,cooperate,vi. 合作，协作；配合
1606,appetite,n. 食欲，胃口；欲望
1607,impose,vt. 把···强加于；征（税） vi. 利用，占便宜；欺骗
1608,nursery,n. 托儿所，保育室；苗圃
1609,invade,vt. 入侵，侵略，侵袭
1610,fraction,n. 小部分；片断；分数
1611,cabinet,n. 橱，柜；内阁
1612,amid,prep. 在···中间，在···之中，被···围绕
1613,independence,n. 独立，自主，自立1614academic ˌækəˈdemɪk adj. 学院的；学术的；纯理论的，不切实际的
1615,evolve,v. 进化；发展
1616,controversy,n. 争论，辩论
1617,exception,n. 例外，除外
1618,profession,n. 职业；声明；表白
1619,authority,n. 官方；权力；当权者，行政管理机构；权威，专家
1620,deposit,vt. 使沉淀；存放；储蓄 n. 定金，押金；存款；矿藏
1621,enquiry,n. 询问
1622,differ,vi. 不同，相异；（在意见方面）发生分歧
1623,memorial,adj. 纪念的，悼念的 n. 纪念碑；纪念堂；纪念仪式
1624,faculty,n. 才能，能力；系，科；全体教员
1625,dim,adj. 昏暗的；朦胧的；（视力等）模糊不清的 v. （使）变暗淡
1626,moreover,adv. 而且，再者，此外
1627,earnest,adj. 认真的，诚恳的
1628,heroic,adj. 英雄的；英勇的
1629,umbrella,n. 伞，雨伞
1630,orchestra,n. 管弦乐队
1631,arithmetic,n. 算术，四则运算
1632,basically,adv. 基本上，从根本上说
1633,heel,n. 脚后跟，踵；后跟
1634,battery,n. 电池（组），蓄电池（组）；排炮，炮组；一系列，一套
1635,oblige,vt. 迫使；施恩于，帮···的忙，使感激
1636,convict,vt. （经 审讯）证明···有罪，宣判···有罪
1638,respond,vi. 回答，答复；做出反应，响应
1639,cite,vt. 引用，引证；传唤，传讯；表彰，嘉奖
1640,discard,vt. 丟弃，抛弃，遗弃
1642,deceive,vt. 欺骗，蒙蔽
1644,modest,adj. 谦虚的；适中的；羞怯的
1645,continuous,adj. 连续不断的；延伸的
1646,*brutal,adj. 兽性的，残暴的；直截了当的；冷酷的
1647,*cholesterol,n. 胆固醇
1648,*dine,v. 进餐，用餐
1649,*affluent,adj. 富裕的
1650,*dioxide,n. 二氧化物
1651,*bitch,n. 母狗；泼妇；令人讨厌的女人
1652,*dynasty,n. 朝代，王朝
1653,*ecology,n. 生态；生态学
1654,*hijack,vt. 劫持（尤指飞机）；操纵（会议等，以推销自己的意图）
1655,*influenza,n. 流行性感冒
1656,*colon,n. 冒号；结肠
1657,profound,adj. 深度的；深远的，深奥的；知识渊博的
1658,Word,21
1659,comprise,vt. 包含，包括，（由···）构成
1660,revolve,vi. 旋转
1661,expense,n. 花费，消费；费用，开支；业务费用
1662,campus,n. 校园，学校场地
1664,cash,n. 现金，现款 vt. 把···兑现
1665,discrimination,n. 区别，辨别；识别力；差别对待，歧视
1666,virtue,n. 善，美德；优点，长处
1667,insure,vt. 为···投保；确保
1668,violent,adj. 暴力引起的，暴力的；猛然的，剧烈的
1669,react,vi. 反应，做出反应
1670,odd,adj. 奇特的；临时的；奇数的；单只的；剩余的；挂零的1671diverse daɪˈvɜːs adj. 不一样的，相异的；多种多样的
1672,manual,adj. 用手的；手工做的 n. 手册，指南
1673,uncover,vt. 揭露，暴露；揭开···的盖子
1674,ban,vt. 取缔，查禁；禁止 n. 禁止，禁令
1675,confront,vt. 迎面遇到，遭遇；勇敢地面对，正视；对抗，与（某人）
1676,undergo,对vt.峙 经历，经受，忍受；接受（治疗、检查等）
1677,journal,n. 日报，杂志；日志
1678,emperor,n. 皇帝
1679,undergraduate,n. 大学本科生
1680,circular,adj. 圆的；循环的；兜圈子的 n. 通知，通告
1681,dictate,v. 口授；命令，规定，要求
1683,inform,vt. 通知；报告 vi. 告发，告密
1685,hook,n. 钩，挂钩 v. （被）钩住
1686,underline,vt. 在···下面画线；强调，使···突出
1687,male,adj. 男性的，雄性的 n. 男子，雄性动物（植物）
1688,proceed,vi. 继续进行；（沿特定路线）行进，（朝特定方向）前进
1690,hydrogen,n. 氢
1691,fog,n. 雾，烟雾，尘雾
1692,nitrogen,n. 氮
1693,fluid,n. 流体，液体 adj. 流动的
1694,drill,n. 钻头；操练，训练 v. 钻（孔），打（眼）；训练
1696,commission,n. 委任状；委员会；佣金，回扣；授权，委托 vt. 委任，委托
1697,undertake,vt. 从事；承担；同意；保证
1698,salary,n. 薪金，薪水
1699,jaw,n. 颌，颚
1700,skilled,adj. 有技能的；熟练的，需要技能的
1701,merry,adj. 欢乐的，愉快的
1702,undo,tv. 解开，打开；取消，撤销
1703,precious,adj. 珍贵的，宝贵的
1704,undoubtedly,adv. 毋庸置疑地，肯定地
1705,globe,n. 地球，世界；地球仪；球体
1706,mosquito,n. 蚊子
1707,favourable,adj. 有利的，赞同的
1708,sightseeing,n. 观光，游览
1709,economic,adj. 经济的；经济学的
1710,multiple,adj. 复合的，多重的，多样的 n. 倍数
1711,poverty,n. 贫穷，贫困
1712,rely,vi. 依靠，依赖；信赖，指望
1713,effort,n. 努力，努力的成果
1714,accumulate,v. 积累，推积
1715,cheat,v. 欺骗；作弊；哄，行骗 n. 欺骗，欺骗行为；骗子
1717,echo,n. 回声；反响，共鸣 v. 重复，模仿；发出回声
1719,collapse,n./v.i 倒坍，瓦解；崩溃，突然失败
1720,despite,prep. 不管，不顾
1721,corridor,n. 走廊，回廊，通路
1722,pit,n. 地洞，坑；煤矿，矿井 vt. 使有坑；使表面有斑点
1723,counter,n. 柜台；计数器；筹码；对立面
1724,balcony,n. 阳台；（电影院等的）楼厅，楼座
1725,diplomatic,adj. 外交的，从事外交的；策略的，有手腕的1726cigar sɪˈgɑː(r) n. 雪茄烟
1727,bathe,v. （给···）洗澡；游泳
1728,conquer,vt. 征服，战胜；破除，克服
1729,inflation,n. 通货膨胀；（充气而引起的）膨胀
1730,*bridegroom,n. 新郎
1731,*heir,n. 继承人
1732,*brochure,n. 小册子
1734,*deficient,adj. 缺乏的，不充足的
1735,*endanger,vt. 危及，危害
1736,*circus,n. 马戏；马戏团；喧闹的场面；环形广场
1737,purity,n. 纯净，纯洁，纯正
1738,Word,22
1739,thermometer,n. 温度计，寒暑表
1740,worthwhile,adj. 值得花时间的，值得做的
1741,scenery,n. 风景，景色；舞台布景
1742,terror,n. 恐怖，惊骇；引起恐怖的人或事
1743,average,n. 平均数，平均 adj. 平均的；平常的 v. 平均
1744,democracy,n. 民主，民主制；民主国家
1745,obstacle,n. 障碍，障碍物，妨碍
1746,slap,vt. 掴，掌击，拍；啪的一声（用力）放 n. 掴，掌击，拍
1747,occur,vi. 发生，出现，存在；被想起，被想到
1748,nuisance,n. 讨厌的东西（或状况、行为、人）
1749,significance,n. 意义，含义；重要性，重大
1750,up-to-date,ˈdeɪt adj. 直到最近的，现代的，跟上时代的
1751,electric,adj. 电的，电动的
1752,justify,vt. 证明···是正当的
1753,neglect,n./vt. 忽视，忽略，疏忽
1754,union,n. 工会，联盟；联合，团结；一致
1755,roller,n. 滚筒，滚轴
1756,formation,n. 形成，构成，形成物；队形，排列
1757,punctual,adj. 严守时刻的，准时的
1758,relieve,vt. 使轻松，使宽慰；缓解；使得到调剂；接替
1759,candy,n. 糖果
1760,spokesman,n. 发言人
1761,employer,n. 雇佣者，雇主
1762,unique,adj. 唯一的，独一无二的；极不寻常的
1763,mathematics,n. 数学
1764,herd,n. 兽群，牧群 vt. 放牧
1765,cheerful,adj. 快乐的，愉快的；使人感到愉快的
1766,advertise,vt. 为···做广告，宣传；（在报刊、电视、广播中）公告 vi. 登
1767,confidential,广ad告j. 秘密的，机密的；亲信的
1768,unite,v. （使）联合，（使）统一
1770,mineral,n. 矿物，矿石，矿物质
1771,lane,n. （乡间）小路；跑道；航道，航线
1772,beloved,adj. 所钟爱的，所爱戴的
1773,adapt,vt. 使适应；改编
1774,mislead,vt. 给···错误印象，使误解；把···带错路，使误入歧途
1775,drag,v. 拖，拉；迫使，硬拉；拖着脚步走 n. 累赘；一吸，一抽
1776,flash,n. 闪光；闪光灯 vi. 闪，闪约；飞驰
1777,immigrant,n. 移民，侨民
1779,increasingly,adv. 日益，越来越多地
1780,palm,n. 手掌；掌状物；棕榈树 vt. 把···藏于手掌中
1781,namely,adv. 即，也就是1782indoor ˈɪndɔː(r) adj. （在）室内的 adv. 在室内，在户内
1783,universe,n. 宇宙，世界；领域，范围
1785,preferable,adj. 更可取的，更好的，更合意的
1786,filter,v. 过滤，透（过）；（消息等）走漏 n. 滤纸，过滤嘴
1787,anyhow,adv. 无论如何，不管怎么说；随随便便地，杂乱无章地
1789,qualify,v. （使）胜任，（使）具有资格，（使）合格；限定
1790,global,adj. 全球的，全世界的；总的，完整的
1791,heave,（叹息、呻吟等） vi. （有节奏地）起伏，隆起；呕吐，恶心
1792,unless,conj. 除非，如果不
1793,excessive,adj. 过多的，极度的
1795,behalf,n. 代表；利益
1796,advanced,adj. 先进的；高级的；年迈的；后阶段的
1797,soda,n. 碳酸钠；纯碱；汽水，苏打水
1798,adjust,vt. 调整，调节，校正
1799,leader,n. 领袖，领导人，首领
1800,accordingly,adv. 因此，所以；照着
1801,spelling,n. 拼字，拼法，拼写法
1802,anxiety,n. 焦虑，忧虑；渴望，热望
1803,ridiculous,adj. 荒谬的，可笑的
1804,divorce,n. 离婚，离异 v. 离婚；分离，脱离
1805,headquarters,n. 司令部，总部
1806,commerce,n. 贸易，商业；社交
1807,*dropout,n. 中途退学；退学学生
1808,*contaminate,vt. 弄脏，污染；玷污；毒害；腐蚀（人的思想或品德）
1809,*diplomat,n. 外交官，外交家；有交际手腕的人，圆滑的人
1810,*cornerstone,n. 墙角石，奠基石；基础
1811,*envelope,n. 信封
1812,*dove,n. 鸽子
1813,*contempt,n. 轻视，蔑视
1814,*diploma,n. 毕业文凭，毕业证书；资格证书
1815,*battalion,n. 军营，军队
1816,recycle,vt. 回收利用（废物等）
1817,Word,23
1818,uneasy,adj. 心神不安的，忧虑的
1819,torture,n. 拷问；折磨 vt. 拷打；折磨
1820,fashion,n. 样子，方式；时尚；流行款式
1821,incident,n. 发生的事，事件
1823,mud,n. 泥，泥浆
1824,underneath,adv. 在下面，在底下 prep. 在···下面，在···底下 n. 下部，底部
1825,recover,v. 重新获得，挽回；恢复
1826,emphasize,vt. 强调，着重
1827,theory,n. 理论，原理；学说；意见，看法
1828,myth,n. °撰出来的人（或事物）；神话
1829,trim,adj. 整齐的 vt. 使整齐
1830,relate,vt. 使有关联；讲述，叙述 vi. 有关，涉及；符合；相处
1831,extraordinary,adj. 非同寻常的，特别的
1832,debt,n. 债，债务，欠债
1833,urge,vt. 鼓励；推进，催促；竭力主张，强烈要求 n. 冲动，强烈的
1834,qualification,n. 资格，资格证明，合格证书；限制，限定
1835,satellite,n. 卫星，人造卫星
1836,urgent,adj. 紧急的，急迫的
1837,cliff,n. 悬崖，峭壁
1838,restrain,vt. 阻止，控制；抑制，遏制
1839,carpet,n. 地毯
1840,peer,n. 同龄人，同等地位的人；贵族 vi. 仔细看，费力地看
1841,highway,n. 公路，大路
1842,breed,n. 品种 v. 繁殖；养育，培育；酿成，产生
1843,attempt,vt. 尝试，试图，努力
1844,flock,n. 羊群，群；大量
1845,largely,adv. 大部分，大量地
1846,focus,v. （使）聚焦；（使）集中 n. 焦点；中心
1847,protective,adj. 保护的，防护的
1848,utility,n. 效用，有用，实用；公用事业
1849,jet,n. 喷气式飞机；喷嘴；喷射 vi. 乘喷气式飞机
1850,coordinate,vt. 协调，调节
1851,coordinate,n. 坐标 adj. 同等的，并列的
1852,restore,vt. 使恢复；修复，整修；归还，交还
1853,receipt,n. 发展，收据；收入，进款；收到，接到
1854,contrary,adj. 相反的 n. 相反
1855,hardware,n. 五金器具；硬件
1856,bloom,n. 花，开花，开花期；青春焕发（的时期） v. 开花
1857,dragon,n. 龙
1858,specimen,n. 样本，标本，样品
1859,chew,vt. 咀嚼，嚼碎
1860,utmost,adj. 极度的；最大的；最远的 n. 极限
1861,original,adj. 最初的；新颖的；原版的 n. 原件，原作
1862,religion,n. 宗教，宗教信仰
1863,beyond,prep. 在···的那边，远于；迟于；越出 adv. 在更远处，再往后
1865,conclude,v. 推断出，推论出；结束，终了；缔结，议定
1866,restrict,vt. 限制，约束，限定
1867,fairy,adv. 相当，尚可，还；公平地
1868,sailor,n. 水手，海员
1869,remark,v. 说，；评论 n. 话语；谈论，评论
1870,assure,vt. 使确信；确保，向···保证
1871,balance,vt. 使平衡；权衡；比较 n. 天平；平衡；结存，结欠
1872,campaign,n. 战役；运动 vi. 参加（或发起）运动；参加竞选
1873,psychological,adj. 心理（学）的
1874,contradiction,n. 矛盾，不一致‘否认，反驳
1875,dose,n. 剂量，用量，一剂
1876,vacation,n. 假期，休假
1877,immediately,adv. 立即，马上；直接地，紧接地
1878,vacuum,n. 真空；真空吸尘器 v. 用吸尘器清扫
1879,clause,n. （法律文件等的）条款；从句，分局
1880,ore,n. 矿，矿石
1881,cattle,n. 牛；牲口，家畜
1882,barn,n. 谷仓；牲口棚
1883,laser,n. 激光
1884,initiative,n. 主动性；首创精神；主动的行为，倡议；主动权
1885,compel,vt. 强迫，迫使
1886,*heroine,n. 女主角；女英雄
1887,*consensus,n. （意见等）一致，一致同意
1888,*infrastructure,n. 基础设施，基础结构
1889,*consolidate,v. （使）巩固，（使）加强；（把···）联为一体，合并
1890,*disable,vt. 使丧失能力；使伤残；使无效，使不能运转
1891,*bride,vt. （向）贿赂 n. 贿赂1892*clarity ˈklærəti n. 清楚，明晰
1893,*disapprove,v. 不赞成，不同意，反对
1894,*proclaim,vt. 宣告，宣布，声明；显示，表明
1895,*reunite,vi. 重聚，再结合 vt. 使重聚，使再结合
1896,*stride,vi. 大步走，阔步行走 n. 大步；步法‘步态；[pl.] 进展，进步
1897,*telecommunication,n. 通信，电信（学）
1898,seemingly,adv. 表面上，看上去
1899,Word,24
1900,basis,n. 基础，根据；原则
1901,contact,n. 接触，联系，交往 vt. 与···接触，与···取得联系
1902,guarantee,n. 保证；保证书；担保物 vt. 保证，担任
1903,rib,n. 肋骨
1904,obvious,adj. 明显得
1905,geometry,n. 几何，几何学
1906,butcher,n. 肉商，肉贩，屠夫 vt. 屠宰，残杀
1907,humo(u)rous,adj. 幽默的，诙谐的
1908,triumph,n. 凯旋，胜利 vi. 成功
1909,maid,n. 女仆，侍女
1910,eyesight,n. 视力，目力
1911,interview,n./vt. 接见，会见；面谈，面试；采访
1912,vain,adj. 徒劳的；自负的
1913,paste,n. 糊，糨糊 vt. 粘，贴
1914,soak,v. 浸，泡
1915,exceed,vt. 超过，胜过，超出
1917,item,n. 条，条款，一条
1918,hammer,n. 锤，榔头 v. 锤击
1919,metric,adj. 公制的，米制的
1920,jar,n. 罐子，坛子，广口瓶 v. （使）感到不快；震动，摇动
1921,resource,n. 资源；财力；应付步法，谋略
1923,military,adj. 军事的，军用的 n. 军队，武装力量
1925,van,n. 大篷车，运货车
1926,besides,adv. 而且 prep. 除···之外
1927,injection,n. 注射，注入；充满
1928,laboratory,n. 实验室，研究室
1929,vanish,v. 突然不见，消失；不复存在，绝迹
1930,experimental,adj. 实验的，试验的
1931,sake,n. 缘故，理由
1932,keen,adj. 热心的；激烈的；敏锐的，敏捷的
1933,vapour,n. 蒸汽
1934,haste,n. 急速，急忙；草率
1935,magic,n. 魔法；魅力 adj. 有魔力的；（似）魔术的
1936,aid,n. 帮助；救护；助手；辅助手段
1939,continual,adj. 连续的；频频的
1940,slight,adj.细长的；轻微的；纤细的，瘦弱的 n./vt. 轻视，藐视
1941,relief,n. 轻松，宽慰；（痛苦等）缓解；调剂；消遣；接替
1942,stare,n./vi. 盯，凝视
1943,grace,n. 优美，优雅；风度，魅力；（付款等的）宽限，缓期 vt. 使
1944,band,优n. 乐美队；群，伙；带；条纹；波段 vt. 用带绑扎
1945,considerate,adj. 考虑周到的，体贴的，体谅的1946ditch dɪtʃ n. 沟，沟渠，渠道
1947,ignorance,n. 无知，愚昧
1948,balloon,n. 气球，玩具气球
1949,date,n. [pl. of datum] 数据，资料
1950,bake,vt. 烤，烘，焙
1952,brake,n. 闸，刹车 v. 制动；刹住（车），用闸使（车）放慢速度
1953,patient,adj. 忍耐的，有耐心地 n. 病人
1954,altitude,n. 海拔，高度；高处
1956,remind,vt. 提醒，使想起
1957,inquiry,n. 询问，打听；调查
1958,pint,n. 品脱
1959,engine,n. 引擎，发动机；机车
1961,scout,n. 侦察员，侦察机，侦察舰；童子军 v. 侦察；寻找
1962,avenue,n. 林荫道，道路，大街
1963,format,n. 设计，安排；格式，样式，版式 vt. 使格式化
1964,instance,n. 例子，实例，事例
1965,career,n. 生涯，职业，经历
1966,fountain,n. 泉水；喷泉；源泉
1967,correspond,vi. 相符合；相当；通信
1968,*bless,vt. 祝福
1969,*conscientious,adj. 一丝不苟的，勤勉认真的
1970,acquaint,vt. 使认识，使了解
1971,*hectare,n. 公顷
1972,*invariably,adv. 不变地，总是
1973,*discriminate,vi. 区别，辨别；有差别地对待，歧视
1975,*blond(e),adj. 金发的 n. 金发女子
1976,*pastime,n. 消遣，娱乐
1977,*blog,n. 博客
1978,stationary,adj. 固定的，静止不动的
1979,Word,25
1980,clarify,vt. 澄清，阐明
1981,mercy,n. 仁慈，宽容；恩惠；幸运
1982,expression,n. 词语；表达；表情
1983,decade,n. 十年，十年期
1984,exact,adj. 确切的，精确的 vt. 强求，索取
1985,dimension,n. 尺寸，尺度；面积；方面；特点；规模；范围
1986,vision,n. 想象力；梦幻；视力，视觉
1987,skim,v. 撇去，掠过，擦过；浏览，略读
1988,vigorous,adj. 朝气蓬勃的，有力的
1989,offense,n. 犯规，违法行为；冒犯，得罪
1991,via,prep. 经过，通过
1992,improve,v. 变得更好，改善；提高
1993,variety,n. 多样化；种类；变种
1994,expert,n. 专家 adj. 熟练的
1995,dive,vi. 跳水；潜水；（飞机）俯冲
1996,various,adj. 各种各样的，不同的
1997,rifle,n. 来复枪，步枪
1998,stake,n. 桩；利害关系；股份；赌金，赌注 vt. 以···打赌，拿···冒险
1999,corporation,n. 公司，企业；社团2000vary ˈveəri v. 改变；（使）多样化
2001,eagle,n. 鹰
2003,vast,认ad为j. 巨，大猜的想，大量的；浩瀚的
2004,simplify,vt. 简化，使简明
2005,instead,adv. 作为替代；却，反而
2006,shell,n. 壳，贝壳；外壳；框架；炮弹 vt. 剥···的壳；炮击
2007,drawer,n. 抽屉
2008,quote,vt. 引用，援引 n. 引文，引语；报价，牌价；引号
2009,depress,vt. 使沮丧；使不景气；削弱，抑制
2010,schedule,n. 时刻表，日程安排表；清单，明细表 vt. 安排，排定
2011,limitation,n. 限制，限度；局限
2012,disturb,vt. 打扰，扰乱；弄乱，使不安
2013,cancer,n. 癌，癌症；肿瘤
2015,industrial,adj. 工业的；产业的
2016,preference,n. 喜爱，偏爱；偏爱的事物（或人）；优先（权）
2018,error,n. 错误，谬误，差错
2019,gratitude,n. 感激，感谢，感恩
2020,slam,n. 砰的一声
2021,evil,n. 邪恶，祸害 adj. 坏的
2022,accent,n. 口音，腔调；重音
2023,imagination,n. 想象，想象力，空想；想象出来的事物
2024,elsewhere,adv. 在别处，向别处
2025,champion,n. 冠军，得胜者；捍卫者，拥护者
2026,framework,n. 框架，结构；准则；体系
2027,social,adj. 社会的；交际的，社交的
2028,endure,v. 忍受，容忍；持久，持续
2029,gradual,adj. 逐渐的，渐进的；坡度平缓的
2030,sleeve,n. 袖子，袖套
2031,vehicle,n. 车辆，机动车；传播媒介，工具，手段
2033,apology,n. 道歉，认错，谢罪
2034,luggage,n. 行李
2035,venture,n. 风险投资，（商业等的）风险项目 v. 冒险，敢于
2036,queue,n. 长队，行列 vi. 排队等候
2037,reflect,v. 反映，显示；反射，映现；深思，考虑，反省
2038,billion,num. 十亿
2039,repeatedly,adv. 一再，再三，多次地
2040,kindergarten,n. 幼儿园
2041,verify,vt. 证实，查证，证明
2042,reduction,n. 减少，缩小；下降，降低
2043,version,n. 版本；译本；说法；改写本
2044,accustomed,adj. 惯常的，习惯的
2045,helicopter,n. 直升机
2046,normal,adj. 正常的，平常的；正规的，规范的
2047,*memorandum,n. 备忘录；便笺
2048,*compulsory,adj. 必须做的，强制性的；（课程）必修的
2049,*hereby,adv. 特此；以此
2051,*disintegrate,v. 碎裂；解体；分裂
2052,*erase,vt. 擦掉，抹掉，清除2053*heritage ˈherɪtɪdʒ n. 遗产，继承物；传统
2054,*disrupt,vt. 使中断；扰乱
2056,*doom,等）
2057,timely,adj. 及时的；适时的
2058,Word,26
2059,shiver,n. / vi. 战栗，颤抖
2060,grasp,vt. 抓紧，握紧；理解 n. 抓；理解
2061,economy,n. 经济；节约，节省
2062,stadium,n. 运动场，体育场
2063,rotten,adj. 腐烂的；令人不愉快的；糟糕的
2064,dash,vt. 猛撞 vi. 猛冲 n. 猛冲；破折号
2065,recently,adv. 最近，新近
2066,concept,n. 概念，观念，设想
2067,petrol,n. 汽油
2068,rigid,adj. 严格的；死板的；刚硬的，僵硬的
2069,entertain,vt. 使欢乐；招待，请客
2070,vertical,adj. 垂直的，竖式的
2071,evident,adj. 明显的，明白的
2072,vessel,n. 容器；船；飞船；管
2073,scholar,n. 学者；奖学金获得者
2074,costly,adj. 昂贵的，价值高的
2075,veteran,n. 老兵，老手
2076,glimpse,vt. 瞥见 vi. 看一眼， 一瞥 n. 一瞥，一看
2077,finally,adv. 最后；决定性地
2078,approval,n. 赞成，同意，批准
2079,judgement,n. 意见；审判；判断
2080,regulation,n. 规章，规则；管理，控制；调节
2081,cord,n. 细绳，粗线，索；灯芯绒裤
2082,powder,n. 粉，粉末
2084,provide,vt. 提供，供给
2085,rub,vt. 擦，摩擦
2086,fiction,n. 小说；虚构，杜撰
2087,adopt,vt. 收养；采用，采取；正式通过，批准
2088,navigation,n. 航行（学），航海（术），航空（术）；导航，领航
2089,adventure,n. 奇遇；冒险，冒险活动
2090,float,v. （使）浮动，（使）漂浮；（使）飘动
2091,dynamic,adj. 有活力的；动力的；不断变化的 n. （原）动力；动力学
2092,vibrate,v. （使）颤动
2093,indifferent,adj. 冷漠的；不积极的；一般的，（表现）平平的
2095,horror,n. 恐怖；憎恶；令人恐怖（或讨厌）的事物（或人）
2096,fatigue,n. 疲劳，劳累 v. （使）疲劳
2097,consideration,n. 考虑，思考，要考虑的事；体贴，关心
2098,vice,n. 罪恶；恶习，缺点；（老）虎钳
2099,notebook,n. 笔记本
2100,chop,vt. 砍，劈；切细 n. 排骨
2101,respect,n. 尊敬；尊重；问候；方面 vt. 尊敬；尊重
2102,admission,n. 允许进入；承认；入场费，入场券
2103,ignore,vt. 不顾，不理，忽视
2104,disease,n. 病，疾病；不健全；弊端
2105,infect,vt. 传染，感染；影响
2106,confirm,vt. 证实，肯定；确认；批准
2107,harbour,n. 海港，港口 vt. 庇护；心怀（怨恨等）
2108,concrete,n. 混凝土；具体物 adj. 实在的，具体的2109phase feɪz n. 阶段；方面；（月）相，相位 v. 分阶段进行，逐步做
2110,organic,adj. 有机体的，有机物的
2111,previous,adj. 先的，前的；以前的
2112,helpless,adj. 无助的；无能的；无法抗拒的
2113,amaze,vt. 使惊奇，使惊愕
2114,despair,n. / vi. 绝望
2115,victim,n. 牺牲者，受害者
2116,possibility,n. 可能（性）；可能的事
2117,viewpoint,n. 观点，看法，见解
2118,erect,vt. 建造；使竖立 adj. 竖直的，垂直的
2119,obey,v. 顺从，服从
2120,video,adj. 录像的；电视的 n. 视频；录像（机）
2121,rarely,adv. 很少，难得
2122,vinegar,n. 醋
2123,approach,vt. 向…靠近 n. 靠近
2124,violate,vt. 违反，违背；亵渎；侵犯；妨碍
2125,holy,adj. 神圣的，圣洁的；虔诚的
2126,philosophy,n. 哲学；哲理；人生哲学
2127,golf,n. 高尔夫球；高尔夫球运动
2128,outward,adj. 外面的；外表的；向外的
2129,section,n. 部分；章节；部门；科；截面；剖面
2130,penalty,n. 处罚，惩罚；罚金
2131,*compensate,v. 补偿，弥补；抵消
2132,*dolphin,n. 海豚
2133,*bowel,n. 肠；pl. 内部，深处
2134,*silicon,n. 硅
2135,*comply,vi. 遵从，依从，服从
2136,*dizzy,adj. 头晕目眩的，眩晕的；使人眩晕的；使人头昏眼花的
2137,unemployment,n. 失业；失业人数
2138,Word,27
2139,dump,vt. 倾卸，倾倒；倾销 n. 垃圾场
2140,installation,n. 安装；装置，设施；就任，就职
2142,internal,adj. 内部的；国内的；内心的
2143,criticize,vt. 批评；评论；非难
2144,disorder,n. 混乱，杂乱，骚乱
2145,rocket,n. 火箭 vi. 迅速上升，猛涨
2147,butterfly,n. 蝴蝶
2148,circuit,n. 电路，线路；环行，巡行
2149,dessert,n. （餐后）甜食，点心
2150,publication,n. 出版，发行；公布，发表
2152,depart,vi. 离开，起程，出发
2153,lens,n. 透镜，镜片，镜头
2154,sigh,n. 叹息（声） vi. 叹气，叹息
2156,aluminium,n. 铝
2157,hence,adv. 因此，所以；今后
2158,pine,n. 松树，松木 vi. 消瘦，衰弱；痛苦，悲哀；渴望
2159,opening,adj. 开始的 n. 口子，洞，孔；开始；（职位的）空缺
2160,acid,n. 酸 adj. 酸的，酸性的
2161,hen,n. 母鸡；雌禽
2162,giant,n. 巨人；巨物；才智超群的人 adj. 巨大的
2163,crystal,n. 水晶，结晶体，晶粒2164operational ˌɒpəˈreɪʃənl adj. 运转的；可使用的；操作上的
2165,racial,adj. 种族的，人种的
2166,construction,n. 建造；建筑物；结构
2167,planet,n. 行星
2168,image,n. 像；形象；影像；形象的描述
2169,blade,n. 刀刃，刀片；叶片
2170,physicist,n. 物理学家
2171,sack,n. 麻袋，包；解雇；洗劫，劫掠 vt. 解雇；洗劫，劫掠
2172,behave,v. 表现，举止；（机器等）运转；（事物）做出反应
2173,organism,n. 生物，有机体；机体，有机组织
2174,shortly,adv. 立刻，不久；不耐烦地；简短地
2175,interval,n. 间隔，间距；幕间休息
2176,appointment,n. 任命；约定；约会；委任的职位
2177,murder,n. / vt. 谋杀，凶杀
2178,violin,n. 小提琴
2179,perspective,n. 视角，观点；远景，景观；透视画法，透视图
2180,laundry,nad. 洗j. 实衣质房上，的洗，衣事店实；上待的洗，的实衣际服上，的洗；好虚的拟衣的服；差不多的，几
2181,virtual,乎的
2182,calculate,vt. 计算；估计；计划
2183,meantime,n. 其间；同时
2184,confess,vt. 供认，坦白；承认
2185,appearance,n. 出现，来到；外观
2186,virus,n. 病毒；病毒性疾病
2187,ambulance,n. 救护车；野战医院
2188,liberty,n. 自由；许可，准许；过于随便，放肆
2189,consequently,adv. 因此，因而，所以
2190,insist,v. 坚持，坚决认为；坚持要求
2191,solar,adj. 太阳的，日光的；（利用）太阳能的
2192,pronoun,n. 代词
2193,flourish,vi. 繁荣，茂盛，兴旺 vt. 挥动（以引起注意）
2194,property,n. 财产，所有物；房产；物业；性质，性能
2195,shave,v. 剃，刮，刨，削；剃须；修面，刮脸 n. 修面，刮脸
2196,limited,adj. 有限的
2197,enormous,adj. 巨大的，庞大的
2198,impact,n. 影响，作用；冲击
2199,visible,adj. 可见的，看得见的，有形的
2200,conceal,vt. 把…隐藏起来，掩盖，隐瞒
2201,earthquake,n. 地震；大震荡
2202,curriculum,n. 课程，（学校等的）全部课程
2203,feature,…主演 vi. 起重要作用
2204,loaf,n. （一个）面包 vi. 游荡，闲逛
2205,stain,vt. 玷污；给…着色 n. 污点，污迹
2206,demand,vt. 要求，需要；查问 n. 要求，需要
2207,media,n. 新闻媒介，传播媒介
2208,*invaluable,adj. 非常宝贵的，极为贵重的，无价的
2209,*misfortune,n. 不幸，厄运，逆境；不幸事故，灾难，灾祸
2210,*pave,vt. （用砖石）铺（地）
2211,*snack,n. 快餐，小吃，点心
2212,*breakdown,损坏，故障；分类
2213,*clear-cut,adj. 明确的；明显的；易辨认的
2214,*payroll,n. 工资表；在职人员名单；工资发放总金额
2215,*smog,n. 烟雾
2216,*climax,感兴趣）的部分
2217,versus,prep. 以…为对手；对；与…相对；与…相比之下
2218,Word,28
2219,ultimate,adj. 最后的，最终的 n. 终极，顶点2220extent ɪkˈstent n. 广度；范围；程度
2221,massive,adj. 大的，大而重的；大块的；大量的，大规模的
2222,employment,n. 工作；雇用；使用
2223,medium,adj. 中等的 n. 媒体；媒介物，传导体
2224,urban,adj. 城市的，都市的；住在都市的
2225,engineering,n. 工程，工程学
2226,marvelous,adj. 奇迹般的，了不起的
2227,event,n. 事件，大事，事变
2228,resolve,n. / v. 解决，解答；决定，决意
2229,avoid,vt. 避免，躲开；撤销
2230,respective,adj. 各自的，各个的，分别的
2233,sew,v. 缝制，缝纫
2234,indicate,vt. 标示，表示，表明
2235,govern,vt. 统治，治理，支配 vi. 居支配地位，占优势
2236,visual,adj. 看得见的 n. 视觉资料
2237,utilize,vt. 利用
2238,chase,v. 追逐，追赶；追求
2239,prevail,vi. 流行，盛行；战胜；压倒
2240,heap,n. （一）堆，大量
2241,pillow,n. 枕头
2242,variation,n. 变化，变动；变异；变奏（曲）
2243,primary,adj. 首要的，主要的；基本的；最初的，初级的
2244,dense,adj. 密集的，浓厚的；密度大的
2245,packet,n. 小包，小盒
2247,scatter,v. 撒，散播；（使）散开，驱散
2248,owe,vt. 欠；应把…归功于；感激，感恩
2249,interfere,vi. 干涉，干预，妨碍
2250,burden,n. 重担，精神负担 vt. 加重压于，烦扰；负担，装载
2251,starve,v. （使）挨饿，（使）饿死
2253,compound,n. 化合物；复合物；复合词 adj. 复合的；化合的
2255,simplicity,n. 简单，简易；朴素
2256,orderly,adj. 整洁的；有秩序的
2257,learned,adj. 有学问的；学术上的
2258,shelter,n. 掩蔽处，躲避处；住所；掩蔽，保护 vt. 掩蔽，庇护；躲避
2259,reporter,n. 记者
2262,necessarily,adv. 必要地；必然
2263,vitamin,n. 维生素；维他命
2264,reproduce,v. 复制，再现；繁殖，生殖
2265,grateful,adj. 感激的；令人愉快的
2266,convenience,n. 方便；便利设施
2267,vivid,adj. 鲜艳的；生动的，栩栩如生的
2268,outset,n. 开始，开端
2269,deserve,vt. 应受，值得
2270,assignment,n. 任务，指定的作业；分配，指派
2273,refrigerator,n. 冰箱；冷藏库
2274,keyboard,n. 键盘
2275,poison,n. 毒，毒药 vt. 毒害
2276,mill,n. 磨坊；碾磨机；制造厂，工厂 v. 磨碾
2277,install,vt. 安装，设置；使就职，任命
2278,output,n. 产量；输出；输出功率 vt. 输出（信息、数据等）
2279,ally,v. （使）结盟，（使）联合
2281,vocabulary,n. 词汇表，词汇，语汇
2282,athlete,n. 运动员；体育家
2283,hono(u)rable,adj. 光荣的；可敬的；正直的
2284,brass,n. 黄铜；黄铜器；铜管乐器
2285,engage,vt. 使从事；聘用；吸引；占用（时间、精力等）；使订婚
2286,sphere,n. 球、球体；范围
2287,purple,n. 紫色 adj. 紫的
2288,volcano,n. 火山
2289,decline,衰ad退j. 最，优衰秀落的；，谢典绝型，的拒；绝标准的；传统式样的；典雅的 n. 文学
2291,stale,adj. 不新鲜的；陈腐的，过时的；难闻的
2292,*brandy,n. 白兰地酒
2293,*cling,vi. 紧紧抓住（或抱住）；黏着，挨近；依附，依恋；坚持
2294,*plumbing,n. （建筑物的】管路系统，自来水管道；水暖工的工作
2296,*intake,n. 吸入，纳入；进气口，入口
2297,*pedestrian,n. 步行者，行人
2298,*riddle,n. 谜，谜语；神秘事件；无法解释的情况 vt. 使不满窟窿
2299,vulnerable,adj. 易受伤的，脆弱的；难防御的
2300,Word,29
2301,liberate,vt. 解放，释放
2302,standpoint,n. 立场，观点
2303,activity,n. 活动；活力；行动
2304,volt,n. 伏特，伏
2305,arrange,v. 安排，准备，整理
2306,canal,n. 运河，沟渠；管
2307,device,n. 器械，装置，设备；手段，策略
2308,angle,vi. 钓鱼；谋取
2309,volume,n. 卷，册，书卷；容积，体积；音量，响度
2310,rhythm,n. 韵律，节奏
2311,bet,vt. 打赌；敢说，确信 n. 打赌；赌金，赌注
2312,spade,n. 铲，铁锹
2313,bore,vt. 使厌烦；钻，挖 n. 令人讨厌的人（或事）
2314,official,adj. 官员的；官方的，正式的 n. 官员，行政人员，高级人员
2315,beast,n. 兽，野兽；牲畜；凶残的人；令人厌憎的人
2316,drum,n. 鼓，鼓状物；圆桶 v. 有节奏地敲击
2317,crash,撞；破裂声
2318,boot,n. 靴子，长筒靴；（汽车后部的）行李箱；解雇
2319,charm,魅力；符咒，咒文 vt. 吸引，迷住
2320,volunteer,n. 志愿者；志愿兵 v. 自愿提供；自愿，志愿
2321,oval,n. 椭圆形 adj. 椭圆形的
2322,inspire,vt. 鼓舞，给…以灵感 vi. 吸气；赋予灵感
2323,protection,n. 保护，防护
2324,argue,vt. 争论，争辩，辩论；（坚决）主张；说服 vi. 争辩，争论
2327,omit,vt. 省略；遗漏
2328,adequate,adj. 足够的；可以胜任的
2329,cop,n. 警察
2330,according,adj. 相等的，一致的，依…而定的
2331,shift,v. 移动，转移；改变，转变 n. 转换，转换；轮班
2332,chapter,n. 章，回，篇
2333,sophisticated,adj. 老于世故的；高级的；精密的，复杂的；高雅的
2334,damp,adj. 潮湿的，微湿的 n. 潮湿，湿气 vt. 使潮湿；使沮丧；抑制
2335,instruction,n. 命令，指示；用法说明；教学，教导
2336,assumption,n. 假定，臆断；担任，承担
2337,potential,adj. 潜在，可能的 n. 潜力，潜能
2338,fry,vt. 油煎，油炸，油炒
2339,permanent,adj. 永久（性）的；固定的
2340,quit,v. 停止，放弃；离开，辞（职）
2341,region,n. 地区，地带，区域；范围，幅度
2342,oversea,and. 票v. 在，海选外票 ；ad投j. 在票海，外表的决；表决结果，投票总数 v. 投票；表
2343,vote,决
2344,furnace,n. 炉子，熔炉，鼓风炉
2345,wagon,n. 四轮马车，大篷车；铁路货车，客货两用车
2346,agriculture,n. 农业；农学
2347,oven,n. 炉，烤箱
2348,waist,n. 腰，腰部
2349,editor,n. 编辑，编者，校订者
2350,republican,adj. 共和政体的；共和党的 n. 共和党人
2351,factor,n. 因素；因子；系数
2352,hint,n. 暗示，示意；细微的迹象；建议 v. 暗示，示意
2353,waken,vi. 醒来 vt. 弄醒
2354,plunge,n. / v. （使）纵身投入，（使）猛冲；（使）猛跌
2355,applicable,adj. 能应用的；合适的，适当的
2356,wander,vi. 漫游，闲逛，漫步；偏离正道；走神，（神志）恍惚
2357,luxury,n. 奢侈；奢侈品
2358,readily,adv. 乐意地，欣然地；容易地；很快地，立即
2359,devil,n. 魔鬼，恶魔；家伙，人
2360,border,n. 边，边缘，边界 vt. 给…加上边，围；邻接；与…接壤
2361,warmth,n. 暖和，温暖；热烈，热情，热心
2362,creative,adj. 创造性的，创作的
2363,waterproof,adj. 不透水的，防水的
2364,cargo,n. 船货，货物
2365,*intangible,adj. 难以形容（或理解）的；不易度量的；无形的
2366,*persevere,v. 坚持
2367,*bracket,n. 括号 vt. 把…归为同一类
2368,*clown,n. 小丑，丑角；举止滑稽可笑的人 vi. 扮小丑，装傻
2369,*pessimism,n. 悲观；悲观主义；悲观情绪
2370,*siege,n. 包围，围困
2372,*sip,n. 小口喝，一小口的量 v. 小口地喝，抿，呷
2373,*trifle,n. 琐事，小事；不值钱的东西；稍微，一点儿 vi. 怠慢，轻视
2374,*brag,v. 吹嘘，自夸
2375,*clone,v. 无性繁殖；克隆
2377,Word,30
2378,progressive,adj. 前进的；渐进的；（动词）进行式的
2379,resemble,vt. 像，类似于
2380,perception,n. 感知（能力），觉察（力）；认识，观念，看法
2381,annoy,vt. 使恼怒；打搅2382residence ˈrezɪdəns n. 住处，住宅；居住；（合法）居住资格
2383,whichever,pron./ adj. 无论哪个，无论哪些
2384,rob,vt. 抢劫，盗窃；使丧失
2385,whereas,conj. 然而，但是，尽管
2386,recommend,vnt. .（ 推板荐球，、举足荐球；等劝的告），球建场议；；程使度受，欢强迎度；高度；音高；沥青
2388,vital,adj. 致命的，生死攸关的；极其重要的；生命的，有生命力的
2389,perform,vt. 做，履行，完成；表演，演出；工作，运转
2390,connect,vt. 连接，结合；联系；给…接通电话
2392,scold,v. 责骂，训斥
2393,intense,adj. 强烈的；紧张的；认真的；热情的；有强烈感情的
2394,edition,n. 版，版本，版次
2395,speculate,v. 推测，推断；投机，做投机买卖
2396,dumb,adj. 哑的；无言的；（因惊恐等）说不出话的
2397,handwriting,n. 笔迹，手迹；书法
2398,educate,vt. 教育，培养，训练
2399,landlord,n. 地主；房东；店主
2400,glove,n. 手套
2401,scope,n. （活动、影响等的）范围；（发挥能力等的）余地，机会
2402,weaken,vt. 削弱，变弱
2403,refusal,n. 拒绝
2404,wealth,n. 财富，财产；丰富
2405,overall,adj. 全面的，总体的，全部的
2406,reputation,n. 名誉，名气，名声
2407,ending,n. 结尾，结局；死亡
2408,spill,v. （使）溢出，（使）洒落 n. 溢出
2409,character,n. 性格；特性；性质；人物，角色；符号；（汉）字
2410,pollute,vt. 弄脏，污染
2411,notify,vt. 通知，告知，报告
2412,persist,vi. 坚持，持续
2413,margin,n. 页边空白；差数，差额；余地；边缘
2414,principle,n. 原则，原理，道义；基本信念，信条
2415,regarding,pnr. e山p.顶 关，于顶点 adj. 最大值的，高峰的 vi. 达到高峰，达到最大
2416,peak,值
2417,repetition,n. 重复，反复
2418,spectacular,adj. 壮观的，引人注目的 n. 壮观的演出；惊人之举
2419,humo(u)r,n. 幽默，诙谐，幽默感
2420,achievement,n. 完成；成就，成绩
2421,fare,n. 车费，船费，票价 vi. 进展
2422,salad,n. 色拉；拌色拉的青菜
2423,flame,n. 火焰；光辉；热情
2424,convention,n. 习俗，惯例；公约；（正式或定期）会议
2425,network,n. 网状物；广播网，电视网；网络
2427,plentiful,adj. 丰富的，充足的；大量的
2428,classify,vt. 把…分类，把…分级
2429,weapon,n. 武器，兵器
2430,dissolve,v. （使）溶解；解散；消失，减弱；结束
2431,splendid,adj. 壮丽的；极好的
2432,ribbon,n. 缎带，丝带；（打印机等的）色带
2433,scarce,adj. 缺乏的，不足的；稀少的，罕见的
2434,politics,n. 政治；政治学；政纲，政见
2435,alphabet,nn.. 字演母出表；，执字行母，系完统成；工作情况，表现；（机器等的）工作性
2436,performance,能2437clumsy ˈklʌmzi adj. 笨拙的，愚笨的；粗陋的；不得体的
2438,ax,n. 斧子
2439,detect,vt. 察觉，发觉；侦查出
2440,physician,n. 内科医生
2441,guy,n. 家伙、伙计
2442,administration,n. 管理；管理部门，行政机关；实行、执行
2443,frost,n. 冰冻，严寒；霜 v. 结霜（于）
2445,*compact,n. 契约，合同
2447,*straightforward,adj. 率直的，坦诚的，坦率的；易懂的，简单的，不复杂的
2449,*pistol,n. 手枪
2450,*setback,n. 挫折，倒退，失常
2451,*compatible,adj. 兼容的；合得来的，能和睦相处的
2452,*inland,adj. 内陆的，内地的
2454,*slogan,n. 标语，口号
2455,*theft,n. 偷窃；盗窃罪
2456,Word,31
2457,weave,v. 积，编
2458,crane,n. 起重机；摄影升降机；鹤
2459,muscle,n. 肌肉，体力；力量，实力
2460,admire,vt. 钦佩，羡慕；赞赏，称赞，夸奖
2461,exclude,vt. 把…排除在外
2462,inquire,vt. 打听，询问；调查
2463,dialect,n. 方言，土语，地方话
2464,accident,n. 意外，事故
2465,identify,vt. 认出，鉴定；把…等同于 vi. 一致
2466,weed,n. 杂草，野草 v. 除草
2467,instrument,n. 仪器，工具；乐器
2468,scratch,v. 抓，搔，扒；刮，擦；刻出 n. 抓痕，划痕；抓，搔，刮
2469,dependent,adj. 依靠的，依赖的；取决于…的
2470,moral,adj. 道德的，有道德的 n. 品行：道德规范；寓意
2471,individual,adj. 个别的；独特的 n. 个人，个体
2472,loan,n./v. 货款，借
2474,chin,n. 颏，下巴
2475,minimum,n. 最低限度；最小量 adj. 最低的，最小的
2476,lump,n. 块，肿块 v. 结块；将…归并在一起
2477,shield,n. 防护物，护罩；盾（状物） vt. 保护，防护
2478,loose,adj. 松的；不精确的，不严密的；散漫的
2479,scissors,n. 剪刀
2480,diameter,n. 直径
2482,molecule,n. 分子
2483,gaze,n./vi. 凝视，盯，注视
2485,fee,n. 费；酬金，赏金
2487,reality,n. 现实，实际；真实
2488,provided,conj. 假如，若是
2489,organ,n. 器官；机构；管风琴；新闻媒介
2490,grind,v. 磨（碎），磨快
2491,harmony,n. 调和，协调，和谐2492lamb læm n. 羔羊，小羊；羔羊肉
2493,column,n. 柱，支柱，圆柱；纵队；栏，专栏（文章）
2494,weekly,adj. 每周的 adv. 每周
2496,being,n. 存在；生物，生命
2497,plus,prep. 加，加上 adj. 表示加的；正的 n. 加号，正号
2498,nightmare,n. 噩梦；可怕的事物，无法摆脱的恐惧
2499,budget,n. 预算，预算拨款 v. 规划，安排；编预算 ad. 低廉的，收费公
2500,chart,道n. 图的表；航海图 vt. 用图表表示，在图上表示
2501,porter,n. 搬运工人；看门人，大楼管理员
2502,dusk,n. 薄暮，黄昏；幽暗
2503,somewhat,pron. 一点儿 adv. 有点儿
2504,weep,v. 哭泣，流泪；渗出
2505,gallon,n. 加仑
2506,convert,v. （使）转变，（使）转化；（使）改变（信仰或态度）
2507,publish,vt. 公布，发表；出版，刊印
2508,market,n. 市场；股市；行情，销路
2509,kneel,vi. 跪，跪下，跪着
2510,postpone,vt. 延迟，延期
2511,click,v. （使）发出咔嗒声；（用鼠标）点击 n. 咔嗒声
2512,liter,n. 升
2513,convince,vt. 使确信，使信服，说服
2514,headline,n. 大字标题；新闻提要
2515,disaster,n. 灾难，灾祸，天灾；彻底的失败
2516,welfare,n. 幸福；福利；福利救济
2517,pierce,vt. 刺穿，穿孔于；透入
2518,ankle,n. 踝，踝关节
2519,radiation,n. 放射物，辐射能；辐射
2520,origin,n. 起源，起因；出身，血统
2521,well-known,adj. 众所周知的，著名的
2522,exhaust,vt. 使筋疲力尽；用尽；详尽论述 n. 排气装置；废气
2523,hardship,n. 艰难，困苦
2524,*stool,n. 凳子
2525,*booth,n. （隔开的）小房间；公用电话亭，岗亭；售货棚，货摊
2526,*coherent,adj. 条理清楚的，连贯的；一致的，协调的
2527,*souvenir,n. 纪念品，纪念物
2528,*plague,n. 瘟疫，鼠疫；灾患 vt. 使痛苦（或难受）
2529,*skip,n. 跳，蹦跳 vt. 跳过，略过，漏过 vi. 跳，跳绳
2530,*cohesion,n. 内聚力；凝聚力；团结，结合
2531,*petty,adj. 小的，琐碎的，不重要的；气量小的，心胸狭窄的
2532,*skyscraper,n. 摩天大楼
2533,Word,32
2534,bubble,那泡 vi. 冒泡；沸腾
2535,intimate,adj. 亲密的；个人的 n. 至交，密友
2537,defeat,n./v. 战胜，挫败
2538,bacon,n. 培根；咸肉
2539,creature,n. 创造物，产物；生物，动物，家畜
2540,probable,adj. 很可能的，大概的
2541,fuss,n./vi. 忙乱；大惊小怪，小题大做；（为小事）烦恼，过于忧
2542,wax,虑n. 蜡，蜂蜡 vt. 给···上蜡
2543,financial,adj. 财政的，金融的
2544,sequence,n. 连续，接续，一连串；次序，顺序
2546,brand,n. 品牌；烙印 vt. 铭刻，打烙印于；加污名于，谴责
2548,whatever,adv. ［用于否定句中以加强语气］任何；无论什么2549relax rɪˈlæks v. 放松；（使）松弛；放宽，缓和
2550,firemna,n. 消防队员；司炉工
2551,whale,n. 鲸
2552,crust,n. 面包皮，硬外皮；外壳，地壳
2553,mention,n./vt. 提及，说起
2554,guideline,n. 指导方针，准则
2555,insight,n. 洞察力；洞悉；深刻见解
2556,nuclear,adj. 核子的，核能的，核武器的；核心的
2557,seminar,n. （大学的）研究班，研讨会
2558,colony,n. 殖民地；侨居地，聚居地；（动植物的）群体，集群
2559,jeans,n. 牛仔裤
2560,deliberate,adj. 故意的，蓄意的；慎重的，深思熟虑的
2563,salesman,n. 售货员，推销员
2564,liver,n. 肝
2565,inevitable,adj. 不可避免的，必然的
2566,deck,n. 甲板，舱面；（公共汽车、船等的）层面
2567,arrangement,n. 整理，排列，安排；准备工作
2568,forbid,vt. 禁止，不许，阻止
2569,account,n. 记述；解释；账目 vi. 说明原因；（在数量、比例方面）占
2570,operator,n. 操作人员；话务员，报务员
2571,whilst,conj. 当···的时候
2572,lid,n. 盖子，盖
2573,humble,adj. 谦逊的；地位低下的；简陋的
2574,descend,vi. 下来，下降；下倾
2575,furniture,n. 家具
2576,aggressive,adj. 侵略的，好斗的；敢作敢为的，有进取心的
2577,invent,vt. 发明，创造；捏造
2578,plantation,n. 种植园，人工林
2579,accurate,adj. 准确的，正确无误的
2580,mankind,n. 人类
2581,log,n. 原本，木料；航海（或飞行）日志 vt. 正式记录
2582,neighbo(u)rhood,n. 四邻；附近；接近
2583,glow,n. 白热光；脸红；激情 v. （使）发白热光
2584,injure,vt. 伤害，损害，使遭受损伤
2585,objective,n. 目标，目的 adj. 客观的，无偏见的
2586,alter,vt. 改变，变更，变动
2587,electricity,n. 电
2588,apparent,adj. 表面上的；明显的
2589,occupy,vt. 占领，占，占有
2590,hunt,v. 打猎；搜寻；驱逐
2591,arrow,n. 箭，箭状物；箭头符号
2593,grape,n. 葡萄；葡萄藤
2594,capacity,n. 容量；能力；才能；产能；身份，地位
2595,refresh,v. （使）振作精神，（使）恢复活力
2596,applicant,n. 申请人
2597,guidance,n. 引导，指导，领导
2598,ounce,n. 盎司
2599,ashamed,adj. 羞耻的，惭愧的，害臊的
2600,draft,n. 草稿；汇票；征兵；通风 vt. 起草；征募
2601,whip,vt. 鞭笞；猛地移动；搅打（奶油、蛋等）成糊状 n. 鞭子
2602,greenhouse,n. 温室，暖房
2604,*shuttle,梭子 v. 频繁往来（于甲地和乙地之间）；（在较近的两地之
2605,*collaborate,v. 合作，协作；通敌
2606,*preview,n. （电影、戏剧等的）预映，预演；（电影等的）预告（片）
2607,*skeleton,n. 骨骼；框架；骨干；梗概，提要
2608,*thesis,n. 论文，毕业（或学位）论文；论题，命题
2609,Word,33
2611,destroy,vt. 破坏，毁灭，消灭
2612,application,n. 申请，申请书；施用，涂抹；应用；实施；实用性
2613,impatient,adj. 不耐烦的，急躁的
2614,logic,n. 逻辑，推理；逻辑学
2615,negotiate,v. 洽谈，协商；顺利通过，成功越过；协商，谈判
2616,whisper,v. 低声地讲 n. 低语，耳语
2617,germ,n. 微生物，细菌；幼芽
2618,withdraw,v. 收回，撤回；撤退
2619,aspect,n. 方面；（建筑物的）朝向，方向；样子，外表
2620,require,vt. 需要；要求；命令
2622,smash,（使）失败；猛撞，猛冲 n. 破碎（声）；猛击，猛撞；轰动
2624,affection,n. 感情；爱，爱慕
2625,detail,n. 细节，枝节；零件 vt. 详细说明
2626,accompany,vt. 陪伴，陪同，伴随；为···伴奏（或伴唱）
2627,whistle,n. 口哨；汽笛声 v. 吹口哨；鸣笛；呼啸而过
2628,refugee,n. 难民
2629,embarrass,vt. 使窘迫，使为难
2630,inhabitant,n. 居民，住户
2631,collective,adj. 集体的；集合性的 n. 团体，集体
2632,ruin,n. 毁灭；废墟 v. （使）毁坏
2633,province,n. 省；领域，范围
2635,genius,n. 天才，天赋，天资；天才人物
2636,hut,n. 小屋，棚屋
2637,community,n. 社区，社会，公社；团体，界；（动植物的）群落
2638,isolate,vt. 使隔离，使孤立
2639,whoever,pron. 谁；无论谁；究竟是谁
2640,snap,或打开）；猛咬；厉声说话，怒声责骂 n. 吧嗒声；快照 adj.
2641,ache,vi. 疼痛；渴望 n. 疼痛
2642,optical,adj. 光学的；视觉得，眼睛的
2643,alarm,n. 惊恐；忧虑；警报 vt. 使惊恐；使担心
2644,wholly,adv. 完全地，全部地
2645,semester,n. 学期
2646,impress,vt. 给···留下深刻印象；印，压印 n. 印记；特征
2647,fate,n. 命运，天数
2648,maximum,n. 最大量，顶点 adj. 最大的，最高的，顶点的
2649,wicked,adj. 坏的，令人厌恶的；淘气的，顽皮的
2650,possess,vt. 占有
2651,widespread,adj. 分布广的，普遍的
2652,active,adj. 活跃的，积极的；主动的；起作用的2653beard bɪəd n. 胡须，络腮胡子
2654,postage,n. 邮费，邮资
2655,widow,n. 寡妇
2656,happen,vi. 发生；碰巧，恰好
2657,element,n. 成分，要素，元素；基础，纲要；自然力
2658,widen,v. 加宽，（使）变宽
2659,era,n. 时代，年代，纪元
2660,arise,vi. 出现；由···引起；起身，起床
2661,poem,n. 诗
2662,width,n. 宽阔，广阔；宽度
2663,grammar,n. 法语；法语书
2664,wisdom,n. 智慧，才智；知识，学问；名言
2665,insult,vt. 侮辱，凌辱
2667,freight,n. 货运；货物；运费 vt. 运送（货物）
2668,physical,adj. 身体的；物理（学）的；物质的，有形的
2669,wit,n. 风趣；妙语；智力，才智，智能
2670,hostile,adj. 敌方的；不友善的
2671,reject,vt. 拒绝；拒纳，退回
2673,purchase,vt. 买，购买 n. 购买；购买的物品
2676,*spouse,n. 配偶
2677,*trolley,n. 手推车，手拉车；（运送食品、饮料的）小推车，台车；电
2678,*warehouse,车n. 仓库，货栈
2679,*intact,adj. 完整无缺的，未经触动的，未受损伤的
2680,*podcast,n. 播客
2681,*spontaneous,adj. 自发的；自然的；自身造成的；非勉强的
2682,*whisky,n. 威士忌酒
2684,*bonus,n. 奖金，红利；额外给予的东西
2685,*tuition,n. （某一学科的）教学，讲授，指导；学费
2686,*ware,n. 物品，器皿；［常 pl.］商品，货物
2687,*commence,v. 开始
2688,*weird,adj. 古怪的，离奇的；怪诞的；不寻常的；诡异的
2689,Word,34
2690,jewel,n. 宝石；宝石饰物
2691,preliminary,adj. 预备的，初步的 n. 初步做法，起始行为
2692,withstand,vt. 抵挡，反抗
2693,insect,n. 昆虫，虫
2695,scrape,v. 刮，擦；艰难完成 n. 刮，擦；刮擦声
2696,blast,n. 爆炸；冲击波；一阵（疾风等） vt. 炸毁；爆破
2697,witness,n. 证据；目击者，证人 vt. 目击；为···作证
2698,melt,v. （使）融化；（使）溶化；（使）消散
2699,scream,vi. 尖叫；呼啸 n. 尖叫声
2700,hopeless,adj. 没有希望的，绝望的
2701,wolf,n. 狼
2702,sacrifice,v. 牺牲，舍身；献祭，供奉 n. 牺牲；供奉；祭品
2703,forge,vt. 伪造；打制，锻造
2704,lover,n. 爱好者；情人
2706,wool,n. 羊毛；毛线，绒线
2707,identical,adj. 完全相同的，同一的2708preceding prɪˈsiːdɪŋ adj. 在前的，在先的，前面的
2709,workshop,n. 车间，作坊；创作室；研讨会，讲习班
2710,entry,n. 入口处；登记；进入；参赛（者）；条目
2711,digest,vt. 消化；领会
2714,define,vt. 给···下定义，限定
2715,fulfil(l),vt. 履行，实现，完成；满足，使满意
2716,generous,adj. 慷慨的；宽厚的；大量的
2717,owner,n. 物主，所有人
2718,passive,adj. 被动的；消极的
2719,chaos,n. 混乱，紊乱
2720,motive,n. 动机，目的
2721,attract,vt. 吸引，引起···注意
2722,revise,v. 修订，修改；复习
2723,senate,n. 参议院，上院
2724,observe,vt. 注意到，观察；评说；遵守
2725,alcohol,n. 酒精，乙醇
2726,radar,n. 雷达
2727,gum,n. 口香糖；树胶
2728,worm,n. 虫、蠕虫
2729,grip,v. 握紧，抓牢；吸引住（···的注意力） n. 紧握
2730,optimistic,adj. 乐观的，乐观主义的
2731,nature,n. 大自然；本性；性质
2732,brilliant,adj. 光辉的，明亮的；卓越的
2733,worldwide,wɜː adj. 遍及全球的
2734,inferior,adj. 下等的，劣等的；次于···的 n. 下级，下属
2735,audio,adj. 听觉得，声音的
2736,circulate,v. （使）循环；（使）流通；（使）流传，散布，传播
2737,abandon,vt. 离弃，丢弃；遗弃，抛弃；放弃 n. 放任；纵情
2738,pattern,n. 型，式样，模型；图案 vt. 仿制，使照···样子
2739,assist,vt. 援助，帮助，协助
2740,index,n. 索引；指数，指标
2741,worship,n. 礼拜；崇拜；信奉 vt. 崇拜
2742,fleet,n. 舰队，船队
2743,mixture,n. 混合，混合物
2744,currency,n. 通货，货币；通行，流行
2745,outlet,n. 出口，出路；（感情、精力等的）发泄途径（或方法）
2746,facility,n. 设备；容易；场所
2747,attorney,n. 律师；（业务或法律事务上的）代理人
2748,regulate,vt. 管理，控制；调整，调节
2749,intend,vt. 想要，打算；意指，意味；打算使（成为）
2750,brick,n. 砖，砖块，砖状物
2752,claw,n. 爪，脚爪；螯 v. （用爪）抓，撕
2753,rat,n. 鼠
2754,feasible,adj. 可行的，可能的
2755,parcel,n. 包裹，小包，邮包 vt. 分，分配；把···包起来，捆扎
2756,worthless,adj. 无价值得，无用的
2757,leap,v. 跳，跃 n. 跳跃；骤变
2758,horizon,n. 地平线；眼界，见识
2759,socialism,n. 社会主义
2760,*premier,n. 总理；首相 adj. 首要的，首位的；首次的
2761,*sparkle,vi. 发光，闪烁 n. 闪光，闪烁
2762,*commonplace,n. 寻常的事物，平庸的东西 adj. 普通的，平庸的
2765,*commune,n. 群体，公社
2768,*transaction,n. 办理，处理；交易，业务；会报，学报
2769,Word,35
2770,influence,n. 影响，作用；影响力，势力；产生影响力的人 vt. 影响
2771,document,n. 公文，文件；证件
2773,worthy,adj. 有价值的，值得的
2774,dot,n. 点，圆点 vt. 打点于
2775,heading,n. 标题，题词，题名；新闻提要
2776,oxygen,n. 氧，氧气
2778,fluent,adj. 流利的，流畅的
2779,poet,n. 诗人
2780,gym,n. 体育馆；健身房
2781,resign,vi. 辞职 vt. 辞去，放弃；使听从，使顺从
2782,wrap,vt. 裹，包，捆 n. 披肩
2783,sexual,adj. 性的，两性的；性别的
2784,endless,adj. 无止境的
2785,occupation,n. 占领，占据；职业；（人）从事的活动，消遣
2786,extra,adj. 额外的；特别的 adv. 特别地 n. 额外的事物；额外费用
2787,intensive,adj. 加强的；精深的，透彻的；精耕细作的
2788,candidate,n. 候选人；投考者，申请求职者
2789,wreck,n. 失事；残骸；精神或身体已垮的人vt. 破坏
2790,aboard,adv./prep. 在船（或车）上，上船（或飞机）
2791,festival,n. 节日；音乐节
2793,federal,adj. 联邦的，联盟的
2794,microscope,n. 显微镜
2796,zone,n. 地区，区域，范围
2797,deaf,adj. 聋的；不愿听的
2798,spoil,v. 损坏，糟蹋；宠坏，溺爱；（食物）变质 n. 战利品，掠夺
2799,wrist,物n. 腕，腕关节
2800,invisible,adj. 看不见的，无形的
2801,writer,n. 作者，作家
2802,civilian,n. 平民，百姓
2803,writing,n. 书写，写；著作
2804,X-ray,reɪ n. X射线，X光
2805,gaol,n. 监狱
2806,hire,n./vt. 租用；雇用
2807,confuse,vt. 使困惑，把···弄糊涂；混淆，把···混同；混乱，搞乱
2808,garbage,n. 垃圾，废物；废话；无用（或不正确）的资料
2809,overtake,vt. 追上，超过；突然降临于，意外地碰上
2810,gravity,n. 重力，引力；严重性；严肃；庄重
2811,yawn,vi. 打哈欠 n. 呵欠
2813,bundle,n. 捆，包，束；包袱 vt. 收集，归拢；把···塞入；匆匆送走
2814,leather,n. 皮革，皮革制品
2815,concentration,n. 集中；专注，专心；浓缩，浓度
2816,portable,adj. 便于携带，手提式的
2817,elegant,adj. 优美的，文雅的，讲究的；简练的，简洁的
2818,spray,n. 浪花，水花；喷雾 v. 喷，（使）溅散2819yearly ˈjɪəli adj. 每年的 adv. 一年一度地
2820,funeral,n. 葬礼，丧礼，丧葬
2821,acute,adj. 急性的；严重的；灵敏的，敏锐的；精明的
2822,halt,v. （使）停止，（使）立定 n. 停住
2824,ghost,n. 鬼，鬼魂；灵魂
2825,coarse,adj. 粗的，粗糙的；粗劣的，粗俗的
2826,patch,n. 补丁；斑，与周围不同的部分；一小块地 vt. 补，修补
2827,favourite,adj. 特别受喜爱的 n. 特别受喜爱的人（或物）
2828,await,vt. 等候；期待；将降临到···身上
2829,rust,n. 铁锈 v. （使）生锈，（使）氧化
2830,acquire,vt. 取得，获得，学到
2831,prejudice,n. 偏见，成见 vt. 使有偏见；对···不利，损害
2832,yield,v. 出产；让出，放弃；屈服，顺从；倒塌，垮掉 n. 产量
2833,generate,vt. 发生，引起；生殖
2834,bolt,n. 螺栓；插销 vt. 闩门
2835,gallery,n. 画廊，美术馆；楼座；（议会等的）旁听席；回廊，走廊
2836,existence,n. 存在，实在，生存
2837,percentage,n. 百分比，百分率
2838,specific,adj. 特有的；具体的，明确的 n. 详情，细节
2839,youngster,n. 青年，年轻人；孩子
2840,*tram,n. 有轨电车
2841,*warfare,n. 战争（状态）；斗争，冲突
2842,*blur,n. 模糊；模糊的东西 v. （使变模糊）
2843,*commodity,n. 商品，货物
2844,*intrude,vi. 侵入，闯入；打扰，侵扰
2845,*preach,vt. 宣讲（教义），布（道）；竭力鼓吹，宣传
2846,*startle,vt. 使惊吓，使吓一跳；使大吃一惊
